架次编号,无人机编号,机型编号,阶段,航段,采样比例,时间_s,事件编号,通信状态,中继位置,中继海拔,直连损耗_dB,直连阈值_dB,直连LOS,覆盖证据
T001,U07,C,爬升,0,0.00,125.05,1,直连,S013-S015,454.6,69.79,122.00,True,
T001,U07,C,爬升,0,0.05,149.52,1,直连,S013-S015,454.6,84.14,122.00,True,
T001,U07,C,巡航,0,0.10,173.99,2,直连,S013-S015,454.6,89.86,122.00,True,
T001,U07,C,巡航,0,0.15,198.45,2,直连,S013-S015,454.6,93.37,122.00,True,
T001,U07,C,巡航,0,0.20,222.92,2,直连,S013-S015,454.6,95.85,122.00,True,
T001,U07,C,巡航,0,0.25,247.39,2,直连,S013-S015,454.6,97.82,122.00,True,
T001,U07,C,巡航,0,0.30,271.86,2,直连,S013-S015,454.6,109.34,122.00,False,
T001,U07,C,巡航,0,0.35,296.32,2,直连,S013-S015,454.6,110.68,122.00,False,
T001,U07,C,巡航,0,0.40,320.79,2,直连,S013-S015,454.6,111.83,122.00,False,
T001,U07,C,巡航,0,0.45,345.26,2,直连,S013-S015,454.6,112.86,122.00,False,
T001,U07,C,巡航,0,0.50,369.73,2,直连,S013-S015,454.6,113.76,122.00,False,
T001,U07,C,巡航,0,0.55,394.19,2,直连,S013-S015,454.6,114.60,122.00,False,
T001,U07,C,巡航,0,0.60,418.66,2,直连,S013-S015,454.6,115.35,122.00,False,
T001,U07,C,巡航,0,0.65,443.13,2,直连,S013-S015,454.6,116.05,122.00,False,
T001,U07,C,巡航,0,0.70,467.60,2,直连,S013-S015,454.6,116.69,122.00,False,
T001,U07,C,巡航,0,0.75,492.06,2,直连,S013-S015,454.6,117.29,122.00,False,
T001,U07,C,巡航,0,0.80,516.53,2,直连,S013-S015,454.6,117.85,122.00,False,
T001,U07,C,下降,0,0.85,541.00,3,直连,S013-S015,454.6,118.37,122.00,False,
T001,U07,C,下降,0,0.90,565.47,3,直连,S013-S015,454.6,118.87,122.00,False,
T001,U07,C,物资交接,0,0.95,589.93,4,直连,S013-S015,454.6,119.33,122.00,False,
T001,U07,C,物资交接,0,1.00,614.40,4,直连,S013-S015,454.6,119.78,122.00,False,
T001,U07,C,爬升,1,0.00,614.40,5,直连,S013-S015,454.6,119.78,122.00,False,
T001,U07,C,爬升,1,0.05,649.35,5,直连,S013-S015,454.6,120.38,122.00,False,
T001,U07,C,巡航,1,0.10,684.29,6,直连,S013-S015,454.6,120.94,122.00,False,
T001,U07,C,巡航,1,0.15,719.23,6,直连,S013-S015,454.6,121.47,122.00,False,
T001,U07,C,巡航,1,0.20,754.18,6,直连,S013-S015,454.6,121.96,122.00,False,
T001,U07,C,巡航,1,0.25,789.12,6,中继,S013-S015,454.6,122.43,122.00,False,接入104.11dB/回传111.05dB
T001,U07,C,巡航,1,0.30,824.07,6,中继,S013-S015,454.6,122.87,122.00,False,接入104.75dB/回传111.05dB
T001,U07,C,巡航,1,0.35,859.01,6,中继,S013-S015,454.6,123.30,122.00,False,接入105.44dB/回传111.05dB
T001,U07,C,巡航,1,0.40,893.95,6,中继,S013-S015,454.6,123.70,122.00,False,接入106.13dB/回传111.05dB
T001,U07,C,巡航,1,0.45,928.90,6,中继,S013-S015,454.6,124.09,122.00,False,接入106.81dB/回传111.05dB
T001,U07,C,巡航,1,0.50,963.84,6,中继,S013-S015,454.6,124.46,122.00,False,接入107.48dB/回传111.05dB
T001,U07,C,巡航,1,0.55,998.79,6,中继,S013-S015,454.6,124.81,122.00,False,接入108.12dB/回传111.05dB
T001,U07,C,巡航,1,0.60,1033.73,6,中继,S013-S015,454.6,125.15,122.00,False,接入108.73dB/回传111.05dB
T001,U07,C,巡航,1,0.65,1068.68,6,中继,S013-S015,454.6,125.48,122.00,False,接入109.32dB/回传111.05dB
T001,U07,C,巡航,1,0.70,1103.62,6,中继,S013-S015,454.6,125.80,122.00,False,接入109.88dB/回传111.05dB
T001,U07,C,巡航,1,0.75,1138.56,6,中继,S013-S015,454.6,126.10,122.00,False,接入110.42dB/回传111.05dB
T001,U07,C,巡航,1,0.80,1173.51,6,中继,S013-S015,454.6,126.39,122.00,False,接入110.93dB/回传111.05dB
T001,U07,C,巡航,1,0.85,1208.45,6,中继,S013-S015,454.6,126.68,122.00,False,接入111.42dB/回传111.05dB
T001,U07,C,下降,1,0.90,1243.40,7,中继,S013-S015,454.6,126.96,122.00,False,接入111.89dB/回传111.05dB
T001,U07,C,物资交接,1,0.95,1278.34,8,中继,S013-S015,454.6,127.22,122.00,False,接入112.33dB/回传111.05dB
T001,U07,C,物资交接,1,1.00,1313.28,8,中继,S013-S015,454.6,127.48,122.00,False,接入112.76dB/回传111.05dB
T001,U07,C,爬升,2,0.00,1313.28,9,中继,S013-S015,454.6,127.48,122.00,False,接入112.76dB/回传111.05dB
T001,U07,C,爬升,2,0.05,1372.67,9,中继,S013-S015,454.6,127.04,122.00,False,接入112.02dB/回传111.05dB
T001,U07,C,爬升,2,0.10,1432.06,9,中继,S013-S015,454.6,126.57,122.00,False,接入111.21dB/回传111.05dB
T001,U07,C,巡航,2,0.15,1491.44,10,中继,S013-S015,454.6,126.07,122.00,False,接入110.34dB/回传111.05dB
T001,U07,C,巡航,2,0.20,1550.83,10,中继,S013-S015,454.6,125.54,122.00,False,接入109.39dB/回传111.05dB
T001,U07,C,巡航,2,0.25,1610.21,10,中继,S013-S015,454.6,124.98,122.00,False,接入108.36dB/回传111.05dB
T001,U07,C,巡航,2,0.30,1669.60,10,中继,S013-S015,454.6,124.38,122.00,False,接入107.23dB/回传111.05dB
T001,U07,C,巡航,2,0.35,1728.98,10,中继,S013-S015,454.6,123.74,122.00,False,接入106.02dB/回传111.05dB
T001,U07,C,巡航,2,0.40,1788.37,10,中继,S013-S015,454.6,123.04,122.00,False,接入104.75dB/回传111.05dB
T001,U07,C,巡航,2,0.45,1847.76,10,中继,S013-S015,454.6,122.29,122.00,False,接入103.51dB/回传111.05dB
T001,U07,C,巡航,2,0.50,1907.14,10,直连,S013-S015,454.6,121.46,122.00,False,
T001,U07,C,巡航,2,0.55,1966.53,10,直连,S013-S015,454.6,120.55,122.00,False,
T001,U07,C,巡航,2,0.60,2025.91,10,直连,S013-S015,454.6,119.52,122.00,False,
T001,U07,C,巡航,2,0.65,2085.30,10,直连,S013-S015,454.6,118.37,122.00,False,
T001,U07,C,巡航,2,0.70,2144.69,10,直连,S013-S015,454.6,117.03,122.00,False,
T001,U07,C,巡航,2,0.75,2204.07,10,直连,S013-S015,454.6,115.44,122.00,False,
T001,U07,C,巡航,2,0.80,2263.46,10,直连,S013-S015,454.6,113.51,122.00,False,
T001,U07,C,巡航,2,0.85,2322.84,10,直连,S013-S015,454.6,101.03,122.00,True,
T001,U07,C,下降,2,0.90,2382.23,11,直连,S013-S015,454.6,97.56,122.00,True,
T001,U07,C,下降,2,0.95,2441.61,11,直连,S013-S015,454.6,91.54,122.00,True,
T001,U07,C,下降,2,1.00,2501.00,11,直连,S013-S015,454.6,69.79,122.00,True,
T002,U01,A,爬升,0,0.00,121.50,1,直连,S010-S013,625.4,69.79,122.00,True,
T002,U01,A,爬升,0,0.05,144.83,1,直连,S010-S013,625.4,84.14,122.00,True,
T002,U01,A,巡航,0,0.10,168.16,2,直连,S010-S013,625.4,89.86,122.00,True,
T002,U01,A,巡航,0,0.15,191.49,2,直连,S010-S013,625.4,93.37,122.00,True,
T002,U01,A,巡航,0,0.20,214.82,2,直连,S010-S013,625.4,95.85,122.00,True,
T002,U01,A,巡航,0,0.25,238.14,2,直连,S010-S013,625.4,97.82,122.00,True,
T002,U01,A,巡航,0,0.30,261.47,2,直连,S010-S013,625.4,109.34,122.00,False,
T002,U01,A,巡航,0,0.35,284.80,2,直连,S010-S013,625.4,110.68,122.00,False,
T002,U01,A,巡航,0,0.40,308.13,2,直连,S010-S013,625.4,111.83,122.00,False,
T002,U01,A,巡航,0,0.45,331.45,2,直连,S010-S013,625.4,112.86,122.00,False,
T002,U01,A,巡航,0,0.50,354.78,2,直连,S010-S013,625.4,113.76,122.00,False,
T002,U01,A,巡航,0,0.55,378.11,2,直连,S010-S013,625.4,114.60,122.00,False,
T002,U01,A,巡航,0,0.60,401.44,2,直连,S010-S013,625.4,115.35,122.00,False,
T002,U01,A,巡航,0,0.65,424.76,2,直连,S010-S013,625.4,116.05,122.00,False,
T002,U01,A,巡航,0,0.70,448.09,2,直连,S010-S013,625.4,116.69,122.00,False,
T002,U01,A,巡航,0,0.75,471.42,2,直连,S010-S013,625.4,117.29,122.00,False,
T002,U01,A,巡航,0,0.80,494.75,2,直连,S010-S013,625.4,117.85,122.00,False,
T002,U01,A,下降,0,0.85,518.07,3,直连,S010-S013,625.4,118.37,122.00,False,
T002,U01,A,下降,0,0.90,541.40,3,直连,S010-S013,625.4,118.87,122.00,False,
T002,U01,A,物资交接,0,0.95,564.73,4,直连,S010-S013,625.4,119.33,122.00,False,
T002,U01,A,物资交接,0,1.00,588.06,4,直连,S010-S013,625.4,119.78,122.00,False,
T002,U01,A,爬升,1,0.00,588.06,5,直连,S010-S013,625.4,119.78,122.00,False,
T002,U01,A,爬升,1,0.05,623.82,5,直连,S010-S013,625.4,120.31,122.00,False,
T002,U01,A,巡航,1,0.10,659.58,6,直连,S010-S013,625.4,120.82,122.00,False,
T002,U01,A,巡航,1,0.15,695.35,6,直连,S010-S013,625.4,121.32,122.00,False,
T002,U01,A,巡航,1,0.20,731.11,6,直连,S010-S013,625.4,121.79,122.00,False,
T002,U01,A,巡航,1,0.25,766.88,6,中继,S010-S013,625.4,122.25,122.00,False,接入108.40dB/回传123.66dB
T002,U01,A,巡航,1,0.30,802.64,6,中继,S010-S013,625.4,122.69,122.00,False,接入108.10dB/回传123.66dB
T002,U01,A,巡航,1,0.35,838.40,6,中继,S010-S013,625.4,123.12,122.00,False,接入107.85dB/回传123.66dB
T002,U01,A,巡航,1,0.40,874.17,6,中继,S010-S013,625.4,123.53,122.00,False,接入107.69dB/回传123.66dB
T002,U01,A,巡航,1,0.45,909.93,6,中继,S010-S013,625.4,123.92,122.00,False,接入107.57dB/回传123.66dB
T002,U01,A,巡航,1,0.50,945.69,6,中继,S010-S013,625.4,124.30,122.00,False,接入107.57dB/回传123.66dB
T002,U01,A,巡航,1,0.55,981.46,6,中继,S010-S013,625.4,124.67,122.00,False,接入107.61dB/回传123.66dB
T002,U01,A,巡航,1,0.60,1017.22,6,中继,S010-S013,625.4,125.01,122.00,False,接入107.78dB/回传123.66dB
T002,U01,A,巡航,1,0.65,1052.98,6,中继,S010-S013,625.4,125.35,122.00,False,接入108.01dB/回传123.66dB
T002,U01,A,巡航,1,0.70,1088.75,6,中继,S010-S013,625.4,125.68,122.00,False,接入108.28dB/回传123.66dB
T002,U01,A,巡航,1,0.75,1124.51,6,中继,S010-S013,625.4,126.00,122.00,False,接入108.61dB/回传123.66dB
T002,U01,A,巡航,1,0.80,1160.27,6,中继,S010-S013,625.4,126.31,122.00,False,接入108.99dB/回传123.66dB
T002,U01,A,下降,1,0.85,1196.04,7,中继,S010-S013,625.4,126.60,122.00,False,接入109.41dB/回传123.66dB
T002,U01,A,下降,1,0.90,1231.80,7,中继,S010-S013,625.4,126.89,122.00,False,接入109.84dB/回传123.66dB
T002,U01,A,物资交接,1,0.95,1267.57,8,中继,S010-S013,625.4,127.17,122.00,False,接入110.26dB/回传123.66dB
T002,U01,A,物资交接,1,1.00,1303.33,8,中继,S010-S013,625.4,127.44,122.00,False,接入110.70dB/回传123.66dB
T002,U01,A,爬升,2,0.00,1303.33,9,中继,S010-S013,625.4,127.44,122.00,False,接入110.70dB/回传123.66dB
T002,U01,A,爬升,2,0.05,1359.67,9,中继,S010-S013,625.4,126.99,122.00,False,接入109.85dB/回传123.66dB
T002,U01,A,爬升,2,0.10,1416.01,9,中继,S010-S013,625.4,126.53,122.00,False,接入108.96dB/回传123.66dB
T002,U01,A,巡航,2,0.15,1472.34,10,中继,S010-S013,625.4,126.03,122.00,False,接入108.00dB/回传123.66dB
T002,U01,A,巡航,2,0.20,1528.68,10,中继,S010-S013,625.4,125.50,122.00,False,接入117.09dB/回传123.66dB
T002,U01,A,巡航,2,0.25,1585.02,10,中继,S010-S013,625.4,124.95,122.00,False,接入106.16dB/回传123.66dB
T002,U01,A,巡航,2,0.30,1641.36,10,中继,S010-S013,625.4,124.35,122.00,False,接入105.39dB/回传123.66dB
T002,U01,A,巡航,2,0.35,1697.70,10,中继,S010-S013,625.4,123.70,122.00,False,接入104.93dB/回传123.66dB
T002,U01,A,巡航,2,0.40,1754.04,10,中继,S010-S013,625.4,123.00,122.00,False,接入104.77dB/回传123.66dB
T002,U01,A,巡航,2,0.45,1810.38,10,中继,S010-S013,625.4,122.25,122.00,False,接入104.99dB/回传123.66dB
T002,U01,A,巡航,2,0.50,1866.71,10,直连,S010-S013,625.4,121.42,122.00,False,
T002,U01,A,巡航,2,0.55,1923.05,10,直连,S010-S013,625.4,120.50,122.00,False,
T002,U01,A,巡航,2,0.60,1979.39,10,直连,S010-S013,625.4,119.49,122.00,False,
T002,U01,A,巡航,2,0.65,2035.73,10,直连,S010-S013,625.4,118.34,122.00,False,
T002,U01,A,巡航,2,0.70,2092.07,10,直连,S010-S013,625.4,107.00,122.00,True,
T002,U01,A,巡航,2,0.75,2148.41,10,直连,S010-S013,625.4,115.40,122.00,False,
T002,U01,A,巡航,2,0.80,2204.75,10,直连,S010-S013,625.4,113.46,122.00,False,
T002,U01,A,巡航,2,0.85,2261.08,10,直连,S010-S013,625.4,100.98,122.00,True,
T002,U01,A,下降,2,0.90,2317.42,11,直连,S010-S013,625.4,97.48,122.00,True,
T002,U01,A,下降,2,0.95,2373.76,11,直连,S010-S013,625.4,91.48,122.00,True,
T002,U01,A,下降,2,1.00,2430.10,11,直连,S010-S013,625.4,69.79,122.00,True,
T003,U08,C,爬升,0,0.00,105.20,1,直连,S006-S013,420.7,69.79,122.00,True,
T003,U08,C,爬升,0,0.05,131.95,1,直连,S006-S013,420.7,84.14,122.00,True,
T003,U08,C,巡航,0,0.10,158.70,2,直连,S006-S013,420.7,89.86,122.00,True,
T003,U08,C,巡航,0,0.15,185.45,2,直连,S006-S013,420.7,93.37,122.00,True,
T003,U08,C,巡航,0,0.20,212.20,2,直连,S006-S013,420.7,95.85,122.00,True,
T003,U08,C,巡航,0,0.25,238.95,2,直连,S006-S013,420.7,97.82,122.00,True,
T003,U08,C,巡航,0,0.30,265.70,2,直连,S006-S013,420.7,109.34,122.00,False,
T003,U08,C,巡航,0,0.35,292.45,2,直连,S006-S013,420.7,110.68,122.00,False,
T003,U08,C,巡航,0,0.40,319.20,2,直连,S006-S013,420.7,111.83,122.00,False,
T003,U08,C,巡航,0,0.45,345.94,2,直连,S006-S013,420.7,112.86,122.00,False,
T003,U08,C,巡航,0,0.50,372.69,2,直连,S006-S013,420.7,113.76,122.00,False,
T003,U08,C,巡航,0,0.55,399.44,2,直连,S006-S013,420.7,114.60,122.00,False,
T003,U08,C,巡航,0,0.60,426.19,2,直连,S006-S013,420.7,115.35,122.00,False,
T003,U08,C,巡航,0,0.65,452.94,2,直连,S006-S013,420.7,116.05,122.00,False,
T003,U08,C,巡航,0,0.70,479.69,2,直连,S006-S013,420.7,116.69,122.00,False,
T003,U08,C,巡航,0,0.75,506.44,2,直连,S006-S013,420.7,117.29,122.00,False,
T003,U08,C,巡航,0,0.80,533.19,2,直连,S006-S013,420.7,117.85,122.00,False,
T003,U08,C,下降,0,0.85,559.94,3,直连,S006-S013,420.7,118.37,122.00,False,
T003,U08,C,下降,0,0.90,586.69,3,直连,S006-S013,420.7,118.87,122.00,False,
T003,U08,C,物资交接,0,0.95,613.44,4,直连,S006-S013,420.7,119.33,122.00,False,
T003,U08,C,物资交接,0,1.00,640.19,4,直连,S006-S013,420.7,119.78,122.00,False,
T003,U08,C,爬升,1,0.00,640.19,5,直连,S006-S013,420.7,119.78,122.00,False,
T003,U08,C,爬升,1,0.05,663.41,5,直连,S006-S013,420.7,120.15,122.00,False,
T003,U08,C,巡航,1,0.10,686.63,6,直连,S006-S013,420.7,120.50,122.00,False,
T003,U08,C,巡航,1,0.15,709.85,6,直连,S006-S013,420.7,120.84,122.00,False,
T003,U08,C,巡航,1,0.20,733.07,6,直连,S006-S013,420.7,121.17,122.00,False,
T003,U08,C,巡航,1,0.25,756.29,6,直连,S006-S013,420.7,121.49,122.00,False,
T003,U08,C,巡航,1,0.30,779.51,6,直连,S006-S013,420.7,121.79,122.00,False,
T003,U08,C,巡航,1,0.35,802.73,6,中继,S006-S013,420.7,122.09,122.00,False,接入108.67dB/回传102.55dB
T003,U08,C,巡航,1,0.40,825.95,6,中继,S006-S013,420.7,122.37,122.00,False,接入109.09dB/回传102.55dB
T003,U08,C,巡航,1,0.45,849.17,6,中继,S006-S013,420.7,122.64,122.00,False,接入109.49dB/回传102.55dB
T003,U08,C,巡航,1,0.50,872.40,6,中继,S006-S013,420.7,122.91,122.00,False,接入109.87dB/回传102.55dB
T003,U08,C,巡航,1,0.55,895.62,6,中继,S006-S013,420.7,123.17,122.00,False,接入110.24dB/回传102.55dB
T003,U08,C,巡航,1,0.60,918.84,6,中继,S006-S013,420.7,123.42,122.00,False,接入110.59dB/回传102.55dB
T003,U08,C,巡航,1,0.65,942.06,6,中继,S006-S013,420.7,123.67,122.00,False,接入110.92dB/回传102.55dB
T003,U08,C,巡航,1,0.70,965.28,6,中继,S006-S013,420.7,123.91,122.00,False,接入111.24dB/回传102.55dB
T003,U08,C,巡航,1,0.75,988.50,6,中继,S006-S013,420.7,124.14,122.00,False,接入111.55dB/回传102.55dB
T003,U08,C,巡航,1,0.80,1011.72,6,中继,S006-S013,420.7,124.36,122.00,False,接入111.86dB/回传102.55dB
T003,U08,C,下降,1,0.85,1034.94,7,中继,S006-S013,420.7,124.58,122.00,False,接入112.15dB/回传102.55dB
T003,U08,C,下降,1,0.90,1058.16,7,中继,S006-S013,420.7,124.79,122.00,False,接入112.43dB/回传102.55dB
T003,U08,C,物资交接,1,0.95,1081.38,8,中继,S006-S013,420.7,125.00,122.00,False,接入112.71dB/回传102.55dB
T003,U08,C,物资交接,1,1.00,1104.60,8,中继,S006-S013,420.7,125.21,122.00,False,接入112.97dB/回传102.55dB
T003,U08,C,爬升,2,0.00,1104.60,9,中继,S006-S013,420.7,125.21,122.00,False,接入112.97dB/回传102.55dB
T003,U08,C,爬升,2,0.05,1154.57,9,中继,S006-S013,420.7,124.76,122.00,False,接入112.39dB/回传102.55dB
T003,U08,C,爬升,2,0.10,1204.54,9,中继,S006-S013,420.7,124.29,122.00,False,接入111.77dB/回传102.55dB
T003,U08,C,巡航,2,0.15,1254.51,10,中继,S006-S013,420.7,123.80,122.00,False,接入111.10dB/回传102.55dB
T003,U08,C,巡航,2,0.20,1304.48,10,中继,S006-S013,420.7,123.27,122.00,False,接入110.38dB/回传102.55dB
T003,U08,C,巡航,2,0.25,1354.45,10,中继,S006-S013,420.7,122.71,122.00,False,接入109.59dB/回传102.55dB
T003,U08,C,巡航,2,0.30,1404.42,10,中继,S006-S013,420.7,122.11,122.00,False,接入108.71dB/回传102.55dB
T003,U08,C,巡航,2,0.35,1454.39,10,直连,S006-S013,420.7,121.47,122.00,False,
T003,U08,C,巡航,2,0.40,1504.36,10,直连,S006-S013,420.7,120.77,122.00,False,
T003,U08,C,巡航,2,0.45,1554.33,10,直连,S006-S013,420.7,120.02,122.00,False,
T003,U08,C,巡航,2,0.50,1604.30,10,直连,S006-S013,420.7,119.19,122.00,False,
T003,U08,C,巡航,2,0.55,1654.27,10,直连,S006-S013,420.7,118.28,122.00,False,
T003,U08,C,巡航,2,0.60,1704.24,10,直连,S006-S013,420.7,117.25,122.00,False,
T003,U08,C,巡航,2,0.65,1754.21,10,直连,S006-S013,420.7,116.10,122.00,False,
T003,U08,C,巡航,2,0.70,1804.18,10,直连,S006-S013,420.7,114.76,122.00,False,
T003,U08,C,巡航,2,0.75,1854.15,10,直连,S006-S013,420.7,113.18,122.00,False,
T003,U08,C,巡航,2,0.80,1904.12,10,直连,S006-S013,420.7,101.26,122.00,True,
T003,U08,C,巡航,2,0.85,1954.09,10,直连,S006-S013,420.7,98.79,122.00,True,
T003,U08,C,下降,2,0.90,2004.06,11,直连,S006-S013,420.7,95.27,122.00,True,
T003,U08,C,下降,2,0.95,2054.03,11,直连,S006-S013,420.7,89.27,122.00,True,
T003,U08,C,下降,2,1.00,2104.00,11,直连,S006-S013,420.7,69.79,122.00,True,
T004,U02,A,爬升,0,0.00,100.33,1,直连,S013-S015,454.6,69.79,122.00,True,
T004,U02,A,爬升,0,0.05,147.99,1,直连,S013-S015,454.6,91.54,122.00,True,
T004,U02,A,爬升,0,0.10,195.64,1,直连,S013-S015,454.6,97.56,122.00,True,
T004,U02,A,巡航,0,0.15,243.30,2,直连,S013-S015,454.6,101.03,122.00,True,
T004,U02,A,巡航,0,0.20,290.96,2,直连,S013-S015,454.6,113.51,122.00,False,
T004,U02,A,巡航,0,0.25,338.61,2,直连,S013-S015,454.6,115.44,122.00,False,
T004,U02,A,巡航,0,0.30,386.27,2,直连,S013-S015,454.6,117.03,122.00,False,
T004,U02,A,巡航,0,0.35,433.93,2,直连,S013-S015,454.6,118.37,122.00,False,
T004,U02,A,巡航,0,0.40,481.58,2,直连,S013-S015,454.6,119.52,122.00,False,
T004,U02,A,巡航,0,0.45,529.24,2,直连,S013-S015,454.6,120.55,122.00,False,
T004,U02,A,巡航,0,0.50,576.90,2,直连,S013-S015,454.6,121.46,122.00,False,
T004,U02,A,巡航,0,0.55,624.55,2,中继,S013-S015,454.6,122.29,122.00,False,接入103.51dB/回传111.05dB
T004,U02,A,巡航,0,0.60,672.21,2,中继,S013-S015,454.6,123.04,122.00,False,接入104.75dB/回传111.05dB
T004,U02,A,巡航,0,0.65,719.87,2,中继,S013-S015,454.6,123.74,122.00,False,接入106.02dB/回传111.05dB
T004,U02,A,巡航,0,0.70,767.52,2,中继,S013-S015,454.6,124.38,122.00,False,接入107.23dB/回传111.05dB
T004,U02,A,巡航,0,0.75,815.18,2,中继,S013-S015,454.6,124.98,122.00,False,接入108.36dB/回传111.05dB
T004,U02,A,巡航,0,0.80,862.84,2,中继,S013-S015,454.6,125.54,122.00,False,接入109.39dB/回传111.05dB
T004,U02,A,下降,0,0.85,910.49,3,中继,S013-S015,454.6,126.07,122.00,False,接入110.34dB/回传111.05dB
T004,U02,A,下降,0,0.90,958.15,3,中继,S013-S015,454.6,126.57,122.00,False,接入111.21dB/回传111.05dB
T004,U02,A,物资交接,0,0.95,1005.81,4,中继,S013-S015,454.6,127.04,122.00,False,接入112.02dB/回传111.05dB
T004,U02,A,物资交接,0,1.00,1053.46,4,中继,S013-S015,454.6,127.48,122.00,False,接入112.76dB/回传111.05dB
T004,U02,A,爬升,1,0.00,1053.46,5,中继,S013-S015,454.6,127.48,122.00,False,接入112.76dB/回传111.05dB
T004,U02,A,爬升,1,0.05,1101.12,5,中继,S013-S015,454.6,127.04,122.00,False,接入112.02dB/回传111.05dB
T004,U02,A,爬升,1,0.10,1148.78,5,中继,S013-S015,454.6,126.57,122.00,False,接入111.21dB/回传111.05dB
T004,U02,A,巡航,1,0.15,1196.44,6,中继,S013-S015,454.6,126.07,122.00,False,接入110.34dB/回传111.05dB
T004,U02,A,巡航,1,0.20,1244.09,6,中继,S013-S015,454.6,125.54,122.00,False,接入109.39dB/回传111.05dB
T004,U02,A,巡航,1,0.25,1291.75,6,中继,S013-S015,454.6,124.98,122.00,False,接入108.36dB/回传111.05dB
T004,U02,A,巡航,1,0.30,1339.41,6,中继,S013-S015,454.6,124.38,122.00,False,接入107.23dB/回传111.05dB
T004,U02,A,巡航,1,0.35,1387.06,6,中继,S013-S015,454.6,123.74,122.00,False,接入106.02dB/回传111.05dB
T004,U02,A,巡航,1,0.40,1434.72,6,中继,S013-S015,454.6,123.04,122.00,False,接入104.75dB/回传111.05dB
T004,U02,A,巡航,1,0.45,1482.38,6,中继,S013-S015,454.6,122.29,122.00,False,接入103.51dB/回传111.05dB
T004,U02,A,巡航,1,0.50,1530.03,6,直连,S013-S015,454.6,121.46,122.00,False,
T004,U02,A,巡航,1,0.55,1577.69,6,直连,S013-S015,454.6,120.55,122.00,False,
T004,U02,A,巡航,1,0.60,1625.35,6,直连,S013-S015,454.6,119.52,122.00,False,
T004,U02,A,巡航,1,0.65,1673.00,6,直连,S013-S015,454.6,118.37,122.00,False,
T004,U02,A,巡航,1,0.70,1720.66,6,直连,S013-S015,454.6,117.03,122.00,False,
T004,U02,A,巡航,1,0.75,1768.32,6,直连,S013-S015,454.6,115.44,122.00,False,
T004,U02,A,巡航,1,0.80,1815.97,6,直连,S013-S015,454.6,113.51,122.00,False,
T004,U02,A,巡航,1,0.85,1863.63,6,直连,S013-S015,454.6,101.03,122.00,True,
T004,U02,A,下降,1,0.90,1911.29,7,直连,S013-S015,454.6,97.56,122.00,True,
T004,U02,A,下降,1,0.95,1958.94,7,直连,S013-S015,454.6,91.54,122.00,True,
T004,U02,A,下降,1,1.00,2006.60,7,直连,S013-S015,454.6,69.79,122.00,True,
T005,U05,B,爬升,0,0.00,92.99,1,直连,S001-S014,582.8,69.79,122.00,True,
T005,U05,B,爬升,0,0.05,137.16,1,直连,S001-S014,582.8,89.02,122.00,True,
T005,U05,B,巡航,0,0.10,181.33,2,直连,S001-S014,582.8,94.90,122.00,True,
T005,U05,B,巡航,0,0.15,225.50,2,直连,S001-S014,582.8,108.30,122.00,False,
T005,U05,B,巡航,0,0.20,269.67,2,直连,S001-S014,582.8,110.81,122.00,False,
T005,U05,B,巡航,0,0.25,313.84,2,直连,S001-S014,582.8,102.79,122.00,True,
T005,U05,B,巡航,0,0.30,358.01,2,直连,S001-S014,582.8,114.34,122.00,False,
T005,U05,B,巡航,0,0.35,402.18,2,直连,S001-S014,582.8,115.65,122.00,False,
T005,U05,B,巡航,0,0.40,446.35,2,直连,S001-S014,582.8,116.79,122.00,False,
T005,U05,B,巡航,0,0.45,490.52,2,直连,S001-S014,582.8,117.80,122.00,False,
T005,U05,B,巡航,0,0.50,534.69,2,直连,S001-S014,582.8,118.74,122.00,False,
T005,U05,B,巡航,0,0.55,578.86,2,直连,S001-S014,582.8,119.56,122.00,False,
T005,U05,B,巡航,0,0.60,623.03,2,直连,S001-S014,582.8,120.31,122.00,False,
T005,U05,B,巡航,0,0.65,667.20,2,直连,S001-S014,582.8,120.99,122.00,False,
T005,U05,B,巡航,0,0.70,711.37,2,直连,S001-S014,582.8,121.64,122.00,False,
T005,U05,B,巡航,0,0.75,755.54,2,中继,S001-S014,582.8,122.24,122.00,False,接入104.45dB/回传121.11dB
T005,U05,B,巡航,0,0.80,799.71,2,中继,S001-S014,582.8,122.80,122.00,False,接入105.18dB/回传121.11dB
T005,U05,B,下降,0,0.85,843.88,3,中继,S001-S014,582.8,123.34,122.00,False,接入105.96dB/回传121.11dB
T005,U05,B,下降,0,0.90,888.05,3,中继,S001-S014,582.8,123.83,122.00,False,接入116.78dB/回传121.11dB
T005,U05,B,物资交接,0,0.95,932.22,4,中继,S001-S014,582.8,124.29,122.00,False,接入117.59dB/回传121.11dB
T005,U05,B,物资交接,0,1.00,976.40,4,中继,S001-S014,582.8,124.73,122.00,False,接入118.38dB/回传121.11dB
T005,U05,B,爬升,1,0.00,976.40,5,中继,S001-S014,582.8,124.73,122.00,False,接入118.38dB/回传121.11dB
T005,U05,B,爬升,1,0.05,1020.57,5,中继,S001-S014,582.8,124.29,122.00,False,接入117.59dB/回传121.11dB
T005,U05,B,爬升,1,0.10,1064.74,5,中继,S001-S014,582.8,123.83,122.00,False,接入116.78dB/回传121.11dB
T005,U05,B,巡航,1,0.15,1108.91,6,中继,S001-S014,582.8,123.34,122.00,False,接入105.96dB/回传121.11dB
T005,U05,B,巡航,1,0.20,1153.08,6,中继,S001-S014,582.8,122.80,122.00,False,接入105.18dB/回传121.11dB
T005,U05,B,巡航,1,0.25,1197.25,6,中继,S001-S014,582.8,122.24,122.00,False,接入104.45dB/回传121.11dB
T005,U05,B,巡航,1,0.30,1241.42,6,直连,S001-S014,582.8,121.64,122.00,False,
T005,U05,B,巡航,1,0.35,1285.59,6,直连,S001-S014,582.8,120.99,122.00,False,
T005,U05,B,巡航,1,0.40,1329.76,6,直连,S001-S014,582.8,120.31,122.00,False,
T005,U05,B,巡航,1,0.45,1373.93,6,直连,S001-S014,582.8,119.56,122.00,False,
T005,U05,B,巡航,1,0.50,1418.10,6,直连,S001-S014,582.8,118.74,122.00,False,
T005,U05,B,巡航,1,0.55,1462.27,6,直连,S001-S014,582.8,117.80,122.00,False,
T005,U05,B,巡航,1,0.60,1506.44,6,直连,S001-S014,582.8,116.79,122.00,False,
T005,U05,B,巡航,1,0.65,1550.61,6,直连,S001-S014,582.8,115.65,122.00,False,
T005,U05,B,巡航,1,0.70,1594.78,6,直连,S001-S014,582.8,114.34,122.00,False,
T005,U05,B,巡航,1,0.75,1638.95,6,直连,S001-S014,582.8,102.79,122.00,True,
T005,U05,B,巡航,1,0.80,1683.12,6,直连,S001-S014,582.8,110.81,122.00,False,
T005,U05,B,巡航,1,0.85,1727.29,6,直连,S001-S014,582.8,108.30,122.00,False,
T005,U05,B,下降,1,0.90,1771.46,7,直连,S001-S014,582.8,94.90,122.00,True,
T005,U05,B,下降,1,0.95,1815.63,7,直连,S001-S014,582.8,89.02,122.00,True,
T005,U05,B,下降,1,1.00,1859.80,7,直连,S001-S014,582.8,69.79,122.00,True,
T006,U06,B,爬升,0,0.00,63.34,1,直连,,,69.79,122.00,True,
T006,U06,B,爬升,0,0.05,93.42,1,直连,,,84.36,122.00,True,
T006,U06,B,巡航,0,0.10,123.50,2,直连,,,90.34,122.00,True,
T006,U06,B,巡航,0,0.15,153.59,2,直连,,,93.79,122.00,True,
T006,U06,B,巡航,0,0.20,183.67,2,直连,,,96.25,122.00,True,
T006,U06,B,巡航,0,0.25,213.76,2,直连,,,98.16,122.00,True,
T006,U06,B,巡航,0,0.30,243.84,2,直连,,,109.68,122.00,False,
T006,U06,B,巡航,0,0.35,273.92,2,直连,,,111.02,122.00,False,
T006,U06,B,巡航,0,0.40,304.01,2,直连,,,112.16,122.00,False,
T006,U06,B,巡航,0,0.45,334.09,2,直连,,,113.19,122.00,False,
T006,U06,B,巡航,0,0.50,364.18,2,直连,,,114.09,122.00,False,
T006,U06,B,巡航,0,0.55,394.26,2,直连,,,114.94,122.00,False,
T006,U06,B,巡航,0,0.60,424.34,2,直连,,,115.69,122.00,False,
T006,U06,B,巡航,0,0.65,454.43,2,直连,,,116.38,122.00,False,
T006,U06,B,巡航,0,0.70,484.51,2,直连,,,117.03,122.00,False,
T006,U06,B,巡航,0,0.75,514.60,2,直连,,,117.63,122.00,False,
T006,U06,B,巡航,0,0.80,544.68,2,直连,,,118.20,122.00,False,
T006,U06,B,下降,0,0.85,574.77,3,直连,,,118.71,122.00,False,
T006,U06,B,下降,0,0.90,604.85,3,直连,,,119.21,122.00,False,
T006,U06,B,物资交接,0,0.95,634.93,4,直连,,,119.68,122.00,False,
T006,U06,B,物资交接,0,1.00,665.02,4,直连,,,120.12,122.00,False,
T006,U06,B,爬升,1,0.00,665.02,5,直连,,,120.12,122.00,False,
T006,U06,B,爬升,1,0.05,695.10,5,直连,,,119.68,122.00,False,
T006,U06,B,爬升,1,0.10,725.19,5,直连,,,119.21,122.00,False,
T006,U06,B,巡航,1,0.15,755.27,6,直连,,,118.71,122.00,False,
T006,U06,B,巡航,1,0.20,785.35,6,直连,,,118.20,122.00,False,
T006,U06,B,巡航,1,0.25,815.44,6,直连,,,117.63,122.00,False,
T006,U06,B,巡航,1,0.30,845.52,6,直连,,,117.03,122.00,False,
T006,U06,B,巡航,1,0.35,875.61,6,直连,,,116.38,122.00,False,
T006,U06,B,巡航,1,0.40,905.69,6,直连,,,115.69,122.00,False,
T006,U06,B,巡航,1,0.45,935.77,6,直连,,,114.94,122.00,False,
T006,U06,B,巡航,1,0.50,965.86,6,直连,,,114.09,122.00,False,
T006,U06,B,巡航,1,0.55,995.94,6,直连,,,113.19,122.00,False,
T006,U06,B,巡航,1,0.60,1026.03,6,直连,,,112.16,122.00,False,
T006,U06,B,巡航,1,0.65,1056.11,6,直连,,,111.02,122.00,False,
T006,U06,B,巡航,1,0.70,1086.20,6,直连,,,109.68,122.00,False,
T006,U06,B,巡航,1,0.75,1116.28,6,直连,,,98.16,122.00,True,
T006,U06,B,巡航,1,0.80,1146.36,6,直连,,,96.25,122.00,True,
T006,U06,B,巡航,1,0.85,1176.45,6,直连,,,93.79,122.00,True,
T006,U06,B,下降,1,0.90,1206.53,7,直连,,,90.34,122.00,True,
T006,U06,B,下降,1,0.95,1236.62,7,直连,,,84.36,122.00,True,
T006,U06,B,下降,1,1.00,1266.70,7,直连,,,69.79,122.00,True,
T007,U03,A,爬升,0,0.00,105.48,1,直连,S009-S014,456.7,69.79,122.00,True,
T007,U03,A,爬升,0,0.05,155.59,1,直连,S009-S014,456.7,91.48,122.00,True,
T007,U03,A,巡航,0,0.10,205.70,2,直连,S009-S014,456.7,97.48,122.00,True,
T007,U03,A,巡航,0,0.15,255.80,2,直连,S009-S014,456.7,100.98,122.00,True,
T007,U03,A,巡航,0,0.20,305.91,2,直连,S009-S014,456.7,113.46,122.00,False,
T007,U03,A,巡航,0,0.25,356.01,2,直连,S009-S014,456.7,115.40,122.00,False,
T007,U03,A,巡航,0,0.30,406.12,2,直连,S009-S014,456.7,107.00,122.00,True,
T007,U03,A,巡航,0,0.35,456.22,2,直连,S009-S014,456.7,118.34,122.00,False,
T007,U03,A,巡航,0,0.40,506.33,2,直连,S009-S014,456.7,119.49,122.00,False,
T007,U03,A,巡航,0,0.45,556.43,2,直连,S009-S014,456.7,120.50,122.00,False,
T007,U03,A,巡航,0,0.50,606.54,2,直连,S009-S014,456.7,121.42,122.00,False,
T007,U03,A,巡航,0,0.55,656.64,2,中继,S009-S014,456.7,122.25,122.00,False,接入100.44dB/回传123.29dB
T007,U03,A,巡航,0,0.60,706.75,2,中继,S009-S014,456.7,123.00,122.00,False,接入99.69dB/回传123.29dB
T007,U03,A,巡航,0,0.65,756.85,2,中继,S009-S014,456.7,123.70,122.00,False,接入100.13dB/回传123.29dB
T007,U03,A,巡航,0,0.70,806.96,2,中继,S009-S014,456.7,124.35,122.00,False,接入101.43dB/回传123.29dB
T007,U03,A,巡航,0,0.75,857.07,2,中继,S009-S014,456.7,124.95,122.00,False,接入103.11dB/回传123.29dB
T007,U03,A,巡航,0,0.80,907.17,2,中继,S009-S014,456.7,125.50,122.00,False,接入114.76dB/回传123.29dB
T007,U03,A,下降,0,0.85,957.28,3,中继,S009-S014,456.7,126.03,122.00,False,接入106.23dB/回传123.29dB
T007,U03,A,下降,0,0.90,1007.38,3,中继,S009-S014,456.7,126.53,122.00,False,接入117.56dB/回传123.29dB
T007,U03,A,物资交接,0,0.95,1057.49,4,中继,S009-S014,456.7,126.99,122.00,False,接入118.74dB/回传123.29dB
T007,U03,A,物资交接,0,1.00,1107.59,4,中继,S009-S014,456.7,127.44,122.00,False,接入109.79dB/回传123.29dB
T007,U03,A,爬升,1,0.00,1107.59,5,中继,S009-S014,456.7,127.44,122.00,False,接入109.79dB/回传123.29dB
T007,U03,A,爬升,1,0.05,1157.70,5,中继,S009-S014,456.7,126.99,122.00,False,接入118.74dB/回传123.29dB
T007,U03,A,爬升,1,0.10,1207.80,5,中继,S009-S014,456.7,126.53,122.00,False,接入117.56dB/回传123.29dB
T007,U03,A,巡航,1,0.15,1257.91,6,中继,S009-S014,456.7,126.03,122.00,False,接入106.23dB/回传123.29dB
T007,U03,A,巡航,1,0.20,1308.01,6,中继,S009-S014,456.7,125.50,122.00,False,接入114.76dB/回传123.29dB
T007,U03,A,巡航,1,0.25,1358.12,6,中继,S009-S014,456.7,124.95,122.00,False,接入103.11dB/回传123.29dB
T007,U03,A,巡航,1,0.30,1408.22,6,中继,S009-S014,456.7,124.35,122.00,False,接入101.43dB/回传123.29dB
T007,U03,A,巡航,1,0.35,1458.33,6,中继,S009-S014,456.7,123.70,122.00,False,接入100.13dB/回传123.29dB
T007,U03,A,巡航,1,0.40,1508.44,6,中继,S009-S014,456.7,123.00,122.00,False,接入99.69dB/回传123.29dB
T007,U03,A,巡航,1,0.45,1558.54,6,中继,S009-S014,456.7,122.25,122.00,False,接入100.44dB/回传123.29dB
T007,U03,A,巡航,1,0.50,1608.65,6,直连,S009-S014,456.7,121.42,122.00,False,
T007,U03,A,巡航,1,0.55,1658.75,6,直连,S009-S014,456.7,120.50,122.00,False,
T007,U03,A,巡航,1,0.60,1708.86,6,直连,S009-S014,456.7,119.49,122.00,False,
T007,U03,A,巡航,1,0.65,1758.96,6,直连,S009-S014,456.7,118.34,122.00,False,
T007,U03,A,巡航,1,0.70,1809.07,6,直连,S009-S014,456.7,107.00,122.00,True,
T007,U03,A,巡航,1,0.75,1859.17,6,直连,S009-S014,456.7,115.40,122.00,False,
T007,U03,A,巡航,1,0.80,1909.28,6,直连,S009-S014,456.7,113.46,122.00,False,
T007,U03,A,巡航,1,0.85,1959.38,6,直连,S009-S014,456.7,100.98,122.00,True,
T007,U03,A,下降,1,0.90,2009.49,7,直连,S009-S014,456.7,97.48,122.00,True,
T007,U03,A,下降,1,0.95,2059.59,7,直连,S009-S014,456.7,91.48,122.00,True,
T007,U03,A,下降,1,1.00,2109.70,7,直连,S009-S014,456.7,69.79,122.00,True,
T008,U04,A,爬升,0,0.00,85.53,1,直连,S001-S006,237.5,69.79,122.00,True,
T008,U04,A,爬升,0,0.05,126.16,1,直连,S001-S006,237.5,87.39,122.00,True,
T008,U04,A,巡航,0,0.10,166.78,2,直连,S001-S006,237.5,93.23,122.00,True,
T008,U04,A,巡航,0,0.15,207.41,2,直连,S001-S006,237.5,96.80,122.00,True,
T008,U04,A,巡航,0,0.20,248.04,2,直连,S001-S006,237.5,99.24,122.00,True,
T008,U04,A,巡航,0,0.25,288.66,2,直连,S001-S006,237.5,101.18,122.00,True,
T008,U04,A,巡航,0,0.30,329.29,2,直连,S001-S006,237.5,102.79,122.00,True,
T008,U04,A,巡航,0,0.35,369.92,2,直连,S001-S006,237.5,114.09,122.00,False,
T008,U04,A,巡航,0,0.40,410.54,2,直连,S001-S006,237.5,115.25,122.00,False,
T008,U04,A,巡航,0,0.45,451.17,2,直连,S001-S006,237.5,116.27,122.00,False,
T008,U04,A,巡航,0,0.50,491.80,2,直连,S001-S006,237.5,117.19,122.00,False,
T008,U04,A,巡航,0,0.55,532.42,2,直连,S001-S006,237.5,118.02,122.00,False,
T008,U04,A,巡航,0,0.60,573.05,2,直连,S001-S006,237.5,118.77,122.00,False,
T008,U04,A,巡航,0,0.65,613.68,2,直连,S001-S006,237.5,119.47,122.00,False,
T008,U04,A,巡航,0,0.70,654.30,2,直连,S001-S006,237.5,110.13,122.00,True,
T008,U04,A,巡航,0,0.75,694.93,2,直连,S001-S006,237.5,110.73,122.00,True,
T008,U04,A,巡航,0,0.80,735.56,2,直连,S001-S006,237.5,121.28,122.00,False,
T008,U04,A,下降,0,0.85,776.18,3,直连,S001-S006,237.5,121.80,122.00,False,
T008,U04,A,下降,0,0.90,816.81,3,中继,S001-S006,237.5,122.29,122.00,False,接入118.55dB/回传114.44dB
T008,U04,A,物资交接,0,0.95,857.44,4,中继,S001-S006,237.5,122.75,122.00,False,接入119.23dB/回传114.44dB
T008,U04,A,物资交接,0,1.00,898.07,4,中继,S001-S006,237.5,123.19,122.00,False,接入119.87dB/回传114.44dB
T008,U04,A,爬升,1,0.00,898.07,5,中继,S001-S006,237.5,123.19,122.00,False,接入119.87dB/回传114.44dB
T008,U04,A,爬升,1,0.05,938.69,5,中继,S001-S006,237.5,122.75,122.00,False,接入119.23dB/回传114.44dB
T008,U04,A,爬升,1,0.10,979.32,5,中继,S001-S006,237.5,122.29,122.00,False,接入118.55dB/回传114.44dB
T008,U04,A,巡航,1,0.15,1019.95,6,直连,S001-S006,237.5,121.80,122.00,False,
T008,U04,A,巡航,1,0.20,1060.57,6,直连,S001-S006,237.5,121.28,122.00,False,
T008,U04,A,巡航,1,0.25,1101.20,6,直连,S001-S006,237.5,110.73,122.00,True,
T008,U04,A,巡航,1,0.30,1141.83,6,直连,S001-S006,237.5,110.13,122.00,True,
T008,U04,A,巡航,1,0.35,1182.45,6,直连,S001-S006,237.5,119.47,122.00,False,
T008,U04,A,巡航,1,0.40,1223.08,6,直连,S001-S006,237.5,118.77,122.00,False,
T008,U04,A,巡航,1,0.45,1263.71,6,直连,S001-S006,237.5,118.02,122.00,False,
T008,U04,A,巡航,1,0.50,1304.33,6,直连,S001-S006,237.5,117.19,122.00,False,
T008,U04,A,巡航,1,0.55,1344.96,6,直连,S001-S006,237.5,116.27,122.00,False,
T008,U04,A,巡航,1,0.60,1385.59,6,直连,S001-S006,237.5,115.25,122.00,False,
T008,U04,A,巡航,1,0.65,1426.21,6,直连,S001-S006,237.5,114.09,122.00,False,
T008,U04,A,巡航,1,0.70,1466.84,6,直连,S001-S006,237.5,102.79,122.00,True,
T008,U04,A,巡航,1,0.75,1507.47,6,直连,S001-S006,237.5,101.18,122.00,True,
T008,U04,A,巡航,1,0.80,1548.09,6,直连,S001-S006,237.5,99.24,122.00,True,
T008,U04,A,巡航,1,0.85,1588.72,6,直连,S001-S006,237.5,96.80,122.00,True,
T008,U04,A,下降,1,0.90,1629.35,7,直连,S001-S006,237.5,93.23,122.00,True,
T008,U04,A,下降,1,0.95,1669.97,7,直连,S001-S006,237.5,87.39,122.00,True,
T008,U04,A,下降,1,1.00,1710.60,7,直连,S001-S006,237.5,69.79,122.00,True,
T009,U04,A,爬升,0,0.00,1829.07,1,直连,S001-S006,237.5,69.79,122.00,True,
T009,U04,A,爬升,0,0.05,1860.63,1,直连,S001-S006,237.5,84.36,122.00,True,
T009,U04,A,巡航,0,0.10,1892.19,2,直连,S001-S006,237.5,90.34,122.00,True,
T009,U04,A,巡航,0,0.15,1923.75,2,直连,S001-S006,237.5,93.79,122.00,True,
T009,U04,A,巡航,0,0.20,1955.31,2,直连,S001-S006,237.5,96.25,122.00,True,
T009,U04,A,巡航,0,0.25,1986.87,2,直连,S001-S006,237.5,98.16,122.00,True,
T009,U04,A,巡航,0,0.30,2018.42,2,直连,S001-S006,237.5,109.68,122.00,False,
T009,U04,A,巡航,0,0.35,2049.98,2,直连,S001-S006,237.5,111.02,122.00,False,
T009,U04,A,巡航,0,0.40,2081.54,2,直连,S001-S006,237.5,112.16,122.00,False,
T009,U04,A,巡航,0,0.45,2113.10,2,直连,S001-S006,237.5,113.19,122.00,False,
T009,U04,A,巡航,0,0.50,2144.66,2,直连,S001-S006,237.5,114.09,122.00,False,
T009,U04,A,巡航,0,0.55,2176.22,2,直连,S001-S006,237.5,114.94,122.00,False,
T009,U04,A,巡航,0,0.60,2207.78,2,直连,S001-S006,237.5,115.69,122.00,False,
T009,U04,A,巡航,0,0.65,2239.34,2,直连,S001-S006,237.5,116.38,122.00,False,
T009,U04,A,巡航,0,0.70,2270.90,2,直连,S001-S006,237.5,117.03,122.00,False,
T009,U04,A,巡航,0,0.75,2302.46,2,直连,S001-S006,237.5,117.63,122.00,False,
T009,U04,A,巡航,0,0.80,2334.02,2,直连,S001-S006,237.5,118.20,122.00,False,
T009,U04,A,下降,0,0.85,2365.57,3,直连,S001-S006,237.5,118.71,122.00,False,
T009,U04,A,下降,0,0.90,2397.13,3,直连,S001-S006,237.5,119.21,122.00,False,
T009,U04,A,物资交接,0,0.95,2428.69,4,直连,S001-S006,237.5,119.68,122.00,False,
T009,U04,A,物资交接,0,1.00,2460.25,4,直连,S001-S006,237.5,120.12,122.00,False,
T009,U04,A,爬升,1,0.00,2460.25,5,直连,S001-S006,237.5,120.12,122.00,False,
T009,U04,A,爬升,1,0.05,2485.22,5,直连,S001-S006,237.5,120.21,122.00,False,
T009,U04,A,巡航,1,0.10,2510.18,6,直连,S001-S006,237.5,120.32,122.00,False,
T009,U04,A,巡航,1,0.15,2535.15,6,直连,S001-S006,237.5,120.43,122.00,False,
T009,U04,A,巡航,1,0.20,2560.12,6,直连,S001-S006,237.5,120.56,122.00,False,
T009,U04,A,巡航,1,0.25,2585.08,6,直连,S001-S006,237.5,120.70,122.00,False,
T009,U04,A,巡航,1,0.30,2610.05,6,直连,S001-S006,237.5,120.84,122.00,False,
T009,U04,A,巡航,1,0.35,2635.02,6,直连,S001-S006,237.5,120.98,122.00,False,
T009,U04,A,巡航,1,0.40,2659.98,6,直连,S001-S006,237.5,121.14,122.00,False,
T009,U04,A,巡航,1,0.45,2684.95,6,直连,S001-S006,237.5,121.30,122.00,False,
T009,U04,A,巡航,1,0.50,2709.91,6,直连,S001-S006,237.5,121.47,122.00,False,
T009,U04,A,巡航,1,0.55,2734.88,6,直连,S001-S006,237.5,121.64,122.00,False,
T009,U04,A,巡航,1,0.60,2759.85,6,直连,S001-S006,237.5,121.82,122.00,False,
T009,U04,A,巡航,1,0.65,2784.81,6,直连,S001-S006,237.5,111.99,122.00,True,
T009,U04,A,巡航,1,0.70,2809.78,6,中继,S001-S006,237.5,122.17,122.00,False,接入118.86dB/回传114.44dB
T009,U04,A,巡航,1,0.75,2834.74,6,中继,S001-S006,237.5,122.34,122.00,False,接入119.00dB/回传114.44dB
T009,U04,A,巡航,1,0.80,2859.71,6,中继,S001-S006,237.5,122.50,122.00,False,接入119.15dB/回传114.44dB
T009,U04,A,下降,1,0.85,2884.68,7,中继,S001-S006,237.5,122.67,122.00,False,接入119.31dB/回传114.44dB
T009,U04,A,下降,1,0.90,2909.64,7,中继,S001-S006,237.5,122.84,122.00,False,接入119.49dB/回传114.44dB
T009,U04,A,物资交接,1,0.95,2934.61,8,中继,S001-S006,237.5,123.02,122.00,False,接入119.68dB/回传114.44dB
T009,U04,A,物资交接,1,1.00,2959.58,8,中继,S001-S006,237.5,123.19,122.00,False,接入119.87dB/回传114.44dB
T009,U04,A,爬升,2,0.00,2959.58,9,中继,S001-S006,237.5,123.19,122.00,False,接入119.87dB/回传114.44dB
T009,U04,A,爬升,2,0.05,2987.65,9,中继,S001-S006,237.5,122.98,122.00,False,接入119.50dB/回传114.44dB
T009,U04,A,巡航,2,0.10,3015.72,10,中继,S001-S006,237.5,122.76,122.00,False,接入119.13dB/回传114.44dB
T009,U04,A,巡航,2,0.15,3043.79,10,中继,S001-S006,237.5,122.54,122.00,False,接入118.73dB/回传114.44dB
T009,U04,A,巡航,2,0.20,3071.86,10,中继,S001-S006,237.5,122.31,122.00,False,接入118.32dB/回传114.44dB
T009,U04,A,巡航,2,0.25,3099.94,10,中继,S001-S006,237.5,122.08,122.00,False,接入117.90dB/回传114.44dB
T009,U04,A,巡航,2,0.30,3128.01,10,直连,S001-S006,237.5,121.86,122.00,False,
T009,U04,A,巡航,2,0.35,3156.08,10,直连,S001-S006,237.5,121.63,122.00,False,
T009,U04,A,巡航,2,0.40,3184.15,10,直连,S001-S006,237.5,121.41,122.00,False,
T009,U04,A,巡航,2,0.45,3212.23,10,直连,S001-S006,237.5,121.18,122.00,False,
T009,U04,A,巡航,2,0.50,3240.30,10,直连,S001-S006,237.5,120.96,122.00,False,
T009,U04,A,巡航,2,0.55,3268.37,10,直连,S001-S006,237.5,120.74,122.00,False,
T009,U04,A,巡航,2,0.60,3296.44,10,直连,S001-S006,237.5,120.52,122.00,False,
T009,U04,A,巡航,2,0.65,3324.51,10,直连,S001-S006,237.5,120.30,122.00,False,
T009,U04,A,巡航,2,0.70,3352.59,10,直连,S001-S006,237.5,120.09,122.00,False,
T009,U04,A,巡航,2,0.75,3380.66,10,直连,S001-S006,237.5,119.88,122.00,False,
T009,U04,A,巡航,2,0.80,3408.73,10,直连,S001-S006,237.5,119.69,122.00,False,
T009,U04,A,下降,2,0.85,3436.80,11,直连,S001-S006,237.5,119.51,122.00,False,
T009,U04,A,下降,2,0.90,3464.88,11,直连,S001-S006,237.5,119.34,122.00,False,
T009,U04,A,物资交接,2,0.95,3492.95,12,直连,S001-S006,237.5,119.19,122.00,False,
T009,U04,A,物资交接,2,1.00,3521.02,12,直连,S001-S006,237.5,119.05,122.00,False,
T009,U04,A,爬升,3,0.00,3521.02,13,直连,S001-S006,237.5,119.05,122.00,False,
T009,U04,A,爬升,3,0.05,3548.97,13,直连,S001-S006,237.5,118.61,122.00,False,
T009,U04,A,爬升,3,0.10,3576.92,13,直连,S001-S006,237.5,118.14,122.00,False,
T009,U04,A,巡航,3,0.15,3604.87,14,直连,S001-S006,237.5,117.65,122.00,False,
T009,U04,A,巡航,3,0.20,3632.82,14,直连,S001-S006,237.5,117.13,122.00,False,
T009,U04,A,巡航,3,0.25,3660.76,14,直连,S001-S006,237.5,116.56,122.00,False,
T009,U04,A,巡航,3,0.30,3688.71,14,直连,S001-S006,237.5,115.97,122.00,False,
T009,U04,A,巡航,3,0.35,3716.66,14,直连,S001-S006,237.5,115.33,122.00,False,
T009,U04,A,巡航,3,0.40,3744.61,14,直连,S001-S006,237.5,114.63,122.00,False,
T009,U04,A,巡航,3,0.45,3772.56,14,直连,S001-S006,237.5,103.88,122.00,True,
T009,U04,A,巡航,3,0.50,3800.51,14,直连,S001-S006,237.5,113.05,122.00,False,
T009,U04,A,巡航,3,0.55,3828.46,14,直连,S001-S006,237.5,112.13,122.00,False,
T009,U04,A,巡航,3,0.60,3856.41,14,直连,S001-S006,237.5,111.10,122.00,False,
T009,U04,A,巡航,3,0.65,3884.36,14,直连,S001-S006,237.5,109.94,122.00,False,
T009,U04,A,巡航,3,0.70,3912.31,14,直连,S001-S006,237.5,108.61,122.00,False,
T009,U04,A,巡航,3,0.75,3940.25,14,直连,S001-S006,237.5,107.03,122.00,False,
T009,U04,A,巡航,3,0.80,3968.20,14,直连,S001-S006,237.5,105.09,122.00,False,
T009,U04,A,巡航,3,0.85,3996.15,14,直连,S001-S006,237.5,92.72,122.00,True,
T009,U04,A,下降,3,0.90,4024.10,15,直连,S001-S006,237.5,89.13,122.00,True,
T009,U04,A,下降,3,0.95,4052.05,15,直连,S001-S006,237.5,83.30,122.00,True,
T009,U04,A,下降,3,1.00,4080.00,15,直连,S001-S006,237.5,69.79,122.00,True,
T010,U06,B,爬升,0,0.00,1360.95,1,直连,S001-S006,237.5,69.79,122.00,True,
T010,U06,B,爬升,0,0.05,1388.79,1,直连,S001-S006,237.5,84.36,122.00,True,
T010,U06,B,巡航,0,0.10,1416.63,2,直连,S001-S006,237.5,90.34,122.00,True,
T010,U06,B,巡航,0,0.15,1444.46,2,直连,S001-S006,237.5,93.79,122.00,True,
T010,U06,B,巡航,0,0.20,1472.30,2,直连,S001-S006,237.5,96.25,122.00,True,
T010,U06,B,巡航,0,0.25,1500.14,2,直连,S001-S006,237.5,98.16,122.00,True,
T010,U06,B,巡航,0,0.30,1527.98,2,直连,S001-S006,237.5,109.68,122.00,False,
T010,U06,B,巡航,0,0.35,1555.82,2,直连,S001-S006,237.5,111.02,122.00,False,
T010,U06,B,巡航,0,0.40,1583.66,2,直连,S001-S006,237.5,112.16,122.00,False,
T010,U06,B,巡航,0,0.45,1611.49,2,直连,S001-S006,237.5,113.19,122.00,False,
T010,U06,B,巡航,0,0.50,1639.33,2,直连,S001-S006,237.5,114.09,122.00,False,
T010,U06,B,巡航,0,0.55,1667.17,2,直连,S001-S006,237.5,114.94,122.00,False,
T010,U06,B,巡航,0,0.60,1695.01,2,直连,S001-S006,237.5,115.69,122.00,False,
T010,U06,B,巡航,0,0.65,1722.85,2,直连,S001-S006,237.5,116.38,122.00,False,
T010,U06,B,巡航,0,0.70,1750.68,2,直连,S001-S006,237.5,117.03,122.00,False,
T010,U06,B,巡航,0,0.75,1778.52,2,直连,S001-S006,237.5,117.63,122.00,False,
T010,U06,B,巡航,0,0.80,1806.36,2,直连,S001-S006,237.5,118.20,122.00,False,
T010,U06,B,下降,0,0.85,1834.20,3,直连,S001-S006,237.5,118.71,122.00,False,
T010,U06,B,下降,0,0.90,1862.04,3,直连,S001-S006,237.5,119.21,122.00,False,
T010,U06,B,物资交接,0,0.95,1889.87,4,直连,S001-S006,237.5,119.68,122.00,False,
T010,U06,B,物资交接,0,1.00,1917.71,4,直连,S001-S006,237.5,120.12,122.00,False,
T010,U06,B,爬升,1,0.00,1917.71,5,直连,S001-S006,237.5,120.12,122.00,False,
T010,U06,B,爬升,1,0.05,1939.74,5,直连,S001-S006,237.5,120.21,122.00,False,
T010,U06,B,巡航,1,0.10,1961.76,6,直连,S001-S006,237.5,120.32,122.00,False,
T010,U06,B,巡航,1,0.15,1983.78,6,直连,S001-S006,237.5,120.43,122.00,False,
T010,U06,B,巡航,1,0.20,2005.80,6,直连,S001-S006,237.5,120.56,122.00,False,
T010,U06,B,巡航,1,0.25,2027.83,6,直连,S001-S006,237.5,120.70,122.00,False,
T010,U06,B,巡航,1,0.30,2049.85,6,直连,S001-S006,237.5,120.84,122.00,False,
T010,U06,B,巡航,1,0.35,2071.87,6,直连,S001-S006,237.5,120.98,122.00,False,
T010,U06,B,巡航,1,0.40,2093.89,6,直连,S001-S006,237.5,121.14,122.00,False,
T010,U06,B,巡航,1,0.45,2115.92,6,直连,S001-S006,237.5,121.30,122.00,False,
T010,U06,B,巡航,1,0.50,2137.94,6,直连,S001-S006,237.5,121.47,122.00,False,
T010,U06,B,巡航,1,0.55,2159.96,6,直连,S001-S006,237.5,121.64,122.00,False,
T010,U06,B,巡航,1,0.60,2181.98,6,直连,S001-S006,237.5,121.82,122.00,False,
T010,U06,B,巡航,1,0.65,2204.01,6,直连,S001-S006,237.5,111.99,122.00,True,
T010,U06,B,巡航,1,0.70,2226.03,6,中继,S001-S006,237.5,122.17,122.00,False,接入118.86dB/回传114.44dB
T010,U06,B,巡航,1,0.75,2248.05,6,中继,S001-S006,237.5,122.34,122.00,False,接入119.00dB/回传114.44dB
T010,U06,B,巡航,1,0.80,2270.07,6,中继,S001-S006,237.5,122.50,122.00,False,接入119.15dB/回传114.44dB
T010,U06,B,下降,1,0.85,2292.10,7,中继,S001-S006,237.5,122.67,122.00,False,接入119.31dB/回传114.44dB
T010,U06,B,下降,1,0.90,2314.12,7,中继,S001-S006,237.5,122.84,122.00,False,接入119.49dB/回传114.44dB
T010,U06,B,物资交接,1,0.95,2336.14,8,中继,S001-S006,237.5,123.02,122.00,False,接入119.68dB/回传114.44dB
T010,U06,B,物资交接,1,1.00,2358.16,8,中继,S001-S006,237.5,123.19,122.00,False,接入119.87dB/回传114.44dB
T010,U06,B,爬升,2,0.00,2358.16,9,中继,S001-S006,237.5,123.19,122.00,False,接入119.87dB/回传114.44dB
T010,U06,B,爬升,2,0.05,2397.84,9,中继,S001-S006,237.5,122.75,122.00,False,接入119.23dB/回传114.44dB
T010,U06,B,爬升,2,0.10,2437.52,9,中继,S001-S006,237.5,122.29,122.00,False,接入118.55dB/回传114.44dB
T010,U06,B,巡航,2,0.15,2477.19,10,直连,S001-S006,237.5,121.80,122.00,False,
T010,U06,B,巡航,2,0.20,2516.87,10,直连,S001-S006,237.5,121.28,122.00,False,
T010,U06,B,巡航,2,0.25,2556.55,10,直连,S001-S006,237.5,110.73,122.00,True,
T010,U06,B,巡航,2,0.30,2596.22,10,直连,S001-S006,237.5,110.13,122.00,True,
T010,U06,B,巡航,2,0.35,2635.90,10,直连,S001-S006,237.5,119.47,122.00,False,
T010,U06,B,巡航,2,0.40,2675.58,10,直连,S001-S006,237.5,118.77,122.00,False,
T010,U06,B,巡航,2,0.45,2715.25,10,直连,S001-S006,237.5,118.02,122.00,False,
T010,U06,B,巡航,2,0.50,2754.93,10,直连,S001-S006,237.5,117.19,122.00,False,
T010,U06,B,巡航,2,0.55,2794.61,10,直连,S001-S006,237.5,116.27,122.00,False,
T010,U06,B,巡航,2,0.60,2834.29,10,直连,S001-S006,237.5,115.25,122.00,False,
T010,U06,B,巡航,2,0.65,2873.96,10,直连,S001-S006,237.5,114.09,122.00,False,
T010,U06,B,巡航,2,0.70,2913.64,10,直连,S001-S006,237.5,102.79,122.00,True,
T010,U06,B,巡航,2,0.75,2953.32,10,直连,S001-S006,237.5,101.18,122.00,True,
T010,U06,B,巡航,2,0.80,2992.99,10,直连,S001-S006,237.5,99.24,122.00,True,
T010,U06,B,巡航,2,0.85,3032.67,10,直连,S001-S006,237.5,96.80,122.00,True,
T010,U06,B,下降,2,0.90,3072.35,11,直连,S001-S006,237.5,93.23,122.00,True,
T010,U06,B,下降,2,0.95,3112.02,11,直连,S001-S006,237.5,87.39,122.00,True,
T010,U06,B,下降,2,1.00,3151.70,11,直连,S001-S006,237.5,69.79,122.00,True,
T011,U05,B,爬升,0,0.00,1937.38,1,直连,S006-S014,464.2,69.79,122.00,True,
T011,U05,B,爬升,0,0.05,1974.22,1,直连,S006-S014,464.2,87.79,122.00,True,
T011,U05,B,巡航,0,0.10,2011.07,2,直连,S006-S014,464.2,93.88,122.00,True,
T011,U05,B,巡航,0,0.15,2047.92,2,直连,S006-S014,464.2,107.25,122.00,False,
T011,U05,B,巡航,0,0.20,2084.77,2,直连,S006-S014,464.2,109.70,122.00,False,
T011,U05,B,巡航,0,0.25,2121.62,2,直连,S006-S014,464.2,111.67,122.00,False,
T011,U05,B,巡航,0,0.30,2158.46,2,直连,S006-S014,464.2,113.21,122.00,False,
T011,U05,B,巡航,0,0.35,2195.31,2,直连,S006-S014,464.2,114.59,122.00,False,
T011,U05,B,巡航,0,0.40,2232.16,2,直连,S006-S014,464.2,115.74,122.00,False,
T011,U05,B,巡航,0,0.45,2269.01,2,直连,S006-S014,464.2,116.74,122.00,False,
T011,U05,B,巡航,0,0.50,2305.86,2,直连,S006-S014,464.2,117.66,122.00,False,
T011,U05,B,巡航,0,0.55,2342.70,2,直连,S006-S014,464.2,118.48,122.00,False,
T011,U05,B,巡航,0,0.60,2379.55,2,直连,S006-S014,464.2,119.22,122.00,False,
T011,U05,B,巡航,0,0.65,2416.40,2,直连,S006-S014,464.2,119.92,122.00,False,
T011,U05,B,巡航,0,0.70,2453.25,2,直连,S006-S014,464.2,120.57,122.00,False,
T011,U05,B,巡航,0,0.75,2490.10,2,直连,S006-S014,464.2,121.16,122.00,False,
T011,U05,B,巡航,0,0.80,2526.95,2,直连,S006-S014,464.2,121.72,122.00,False,
T011,U05,B,下降,0,0.85,2563.79,3,中继,S006-S014,464.2,122.25,122.00,False,接入109.85dB/回传101.46dB
T011,U05,B,下降,0,0.90,2600.64,3,中继,S006-S014,464.2,122.74,122.00,False,接入110.49dB/回传101.46dB
T011,U05,B,物资交接,0,0.95,2637.49,4,中继,S006-S014,464.2,123.21,122.00,False,接入111.09dB/回传101.46dB
T011,U05,B,物资交接,0,1.00,2674.34,4,中继,S006-S014,464.2,123.65,122.00,False,接入111.64dB/回传101.46dB
T011,U05,B,爬升,1,0.00,2674.34,5,中继,S006-S014,464.2,123.65,122.00,False,接入111.64dB/回传101.46dB
T011,U05,B,爬升,1,0.05,2711.19,5,中继,S006-S014,464.2,123.21,122.00,False,接入111.09dB/回传101.46dB
T011,U05,B,爬升,1,0.10,2748.03,5,中继,S006-S014,464.2,122.74,122.00,False,接入110.49dB/回传101.46dB
T011,U05,B,巡航,1,0.15,2784.88,6,中继,S006-S014,464.2,122.25,122.00,False,接入109.85dB/回传101.46dB
T011,U05,B,巡航,1,0.20,2821.73,6,直连,S006-S014,464.2,121.72,122.00,False,
T011,U05,B,巡航,1,0.25,2858.58,6,直连,S006-S014,464.2,121.16,122.00,False,
T011,U05,B,巡航,1,0.30,2895.43,6,直连,S006-S014,464.2,120.57,122.00,False,
T011,U05,B,巡航,1,0.35,2932.27,6,直连,S006-S014,464.2,119.92,122.00,False,
T011,U05,B,巡航,1,0.40,2969.12,6,直连,S006-S014,464.2,119.22,122.00,False,
T011,U05,B,巡航,1,0.45,3005.97,6,直连,S006-S014,464.2,118.48,122.00,False,
T011,U05,B,巡航,1,0.50,3042.82,6,直连,S006-S014,464.2,117.66,122.00,False,
T011,U05,B,巡航,1,0.55,3079.67,6,直连,S006-S014,464.2,116.74,122.00,False,
T011,U05,B,巡航,1,0.60,3116.52,6,直连,S006-S014,464.2,115.74,122.00,False,
T011,U05,B,巡航,1,0.65,3153.36,6,直连,S006-S014,464.2,114.59,122.00,False,
T011,U05,B,巡航,1,0.70,3190.21,6,直连,S006-S014,464.2,113.21,122.00,False,
T011,U05,B,巡航,1,0.75,3227.06,6,直连,S006-S014,464.2,111.67,122.00,False,
T011,U05,B,巡航,1,0.80,3263.91,6,直连,S006-S014,464.2,109.70,122.00,False,
T011,U05,B,巡航,1,0.85,3300.76,6,直连,S006-S014,464.2,107.25,122.00,False,
T011,U05,B,下降,1,0.90,3337.60,7,直连,S006-S014,464.2,93.88,122.00,True,
T011,U05,B,下降,1,0.95,3374.45,7,直连,S006-S014,464.2,87.79,122.00,True,
T011,U05,B,下降,1,1.00,3411.30,7,直连,S006-S014,464.2,69.79,122.00,True,
T012,U08,C,爬升,0,0.00,2238.49,1,直连,S008-S014,447.4,69.79,122.00,True,
T012,U08,C,爬升,0,0.05,2302.30,1,直连,S008-S014,447.4,91.54,122.00,True,
T012,U08,C,巡航,0,0.10,2366.11,2,直连,S008-S014,447.4,97.56,122.00,True,
T012,U08,C,巡航,0,0.15,2429.91,2,直连,S008-S014,447.4,101.03,122.00,True,
T012,U08,C,巡航,0,0.20,2493.72,2,直连,S008-S014,447.4,113.51,122.00,False,
T012,U08,C,巡航,0,0.25,2557.53,2,直连,S008-S014,447.4,115.44,122.00,False,
T012,U08,C,巡航,0,0.30,2621.33,2,直连,S008-S014,447.4,117.03,122.00,False,
T012,U08,C,巡航,0,0.35,2685.14,2,直连,S008-S014,447.4,118.37,122.00,False,
T012,U08,C,巡航,0,0.40,2748.95,2,直连,S008-S014,447.4,119.52,122.00,False,
T012,U08,C,巡航,0,0.45,2812.75,2,直连,S008-S014,447.4,120.55,122.00,False,
T012,U08,C,巡航,0,0.50,2876.56,2,直连,S008-S014,447.4,121.46,122.00,False,
T012,U08,C,巡航,0,0.55,2940.37,2,中继,S008-S014,447.4,122.29,122.00,False,接入89.43dB/回传122.46dB
T012,U08,C,巡航,0,0.60,3004.17,2,中继,S008-S014,447.4,123.04,122.00,False,接入92.78dB/回传122.46dB
T012,U08,C,巡航,0,0.65,3067.98,2,中继,S008-S014,447.4,123.74,122.00,False,接入97.47dB/回传122.46dB
T012,U08,C,巡航,0,0.70,3131.79,2,中继,S008-S014,447.4,124.38,122.00,False,接入100.82dB/回传122.46dB
T012,U08,C,巡航,0,0.75,3195.59,2,中继,S008-S014,447.4,124.98,122.00,False,接入103.30dB/回传122.46dB
T012,U08,C,巡航,0,0.80,3259.40,2,中继,S008-S014,447.4,125.54,122.00,False,接入105.22dB/回传122.46dB
T012,U08,C,下降,0,0.85,3323.21,3,中继,S008-S014,447.4,126.07,122.00,False,接入106.82dB/回传122.46dB
T012,U08,C,下降,0,0.90,3387.01,3,中继,S008-S014,447.4,126.57,122.00,False,接入108.18dB/回传122.46dB
T012,U08,C,物资交接,0,0.95,3450.82,4,中继,S008-S014,447.4,127.04,122.00,False,接入109.36dB/回传122.46dB
T012,U08,C,物资交接,0,1.00,3514.63,4,中继,S008-S014,447.4,127.48,122.00,False,接入110.41dB/回传122.46dB
T012,U08,C,爬升,1,0.00,3514.63,5,中继,S008-S014,447.4,127.48,122.00,False,接入110.41dB/回传122.46dB
T012,U08,C,爬升,1,0.05,3529.48,5,中继,S008-S014,447.4,127.38,122.00,False,接入110.17dB/回传122.46dB
T012,U08,C,巡航,1,0.10,3544.33,6,中继,S008-S014,447.4,127.28,122.00,False,接入109.94dB/回传122.46dB
T012,U08,C,巡航,1,0.15,3559.19,6,中继,S008-S014,447.4,127.18,122.00,False,接入109.69dB/回传122.46dB
T012,U08,C,巡航,1,0.20,3574.04,6,中继,S008-S014,447.4,127.07,122.00,False,接入109.43dB/回传122.46dB
T012,U08,C,巡航,1,0.25,3588.89,6,中继,S008-S014,447.4,126.97,122.00,False,接入109.18dB/回传122.46dB
T012,U08,C,巡航,1,0.30,3603.75,6,中继,S008-S014,447.4,126.86,122.00,False,接入108.91dB/回传122.46dB
T012,U08,C,巡航,1,0.35,3618.60,6,中继,S008-S014,447.4,126.75,122.00,False,接入108.63dB/回传122.46dB
T012,U08,C,巡航,1,0.40,3633.46,6,中继,S008-S014,447.4,126.64,122.00,False,接入108.35dB/回传122.46dB
T012,U08,C,巡航,1,0.45,3648.31,6,中继,S008-S014,447.4,126.53,122.00,False,接入108.06dB/回传122.46dB
T012,U08,C,巡航,1,0.50,3663.16,6,中继,S008-S014,447.4,126.42,122.00,False,接入107.76dB/回传122.46dB
T012,U08,C,巡航,1,0.55,3678.02,6,中继,S008-S014,447.4,126.30,122.00,False,接入107.44dB/回传122.46dB
T012,U08,C,巡航,1,0.60,3692.87,6,中继,S008-S014,447.4,126.19,122.00,False,接入107.12dB/回传122.46dB
T012,U08,C,巡航,1,0.65,3707.72,6,中继,S008-S014,447.4,126.07,122.00,False,接入106.79dB/回传122.46dB
T012,U08,C,巡航,1,0.70,3722.58,6,中继,S008-S014,447.4,125.95,122.00,False,接入106.45dB/回传122.46dB
T012,U08,C,巡航,1,0.75,3737.43,6,中继,S008-S014,447.4,125.83,122.00,False,接入106.09dB/回传122.46dB
T012,U08,C,巡航,1,0.80,3752.29,6,中继,S008-S014,447.4,125.71,122.00,False,接入105.70dB/回传122.46dB
T012,U08,C,下降,1,0.85,3767.14,7,中继,S008-S014,447.4,125.59,122.00,False,接入105.32dB/回传122.46dB
T012,U08,C,下降,1,0.90,3781.99,7,中继,S008-S014,447.4,125.46,122.00,False,接入104.91dB/回传122.46dB
T012,U08,C,物资交接,1,0.95,3796.85,8,中继,S008-S014,447.4,125.34,122.00,False,接入104.46dB/回传122.46dB
T012,U08,C,物资交接,1,1.00,3811.70,8,中继,S008-S014,447.4,125.21,122.00,False,接入104.01dB/回传122.46dB
T012,U08,C,爬升,2,0.00,3811.70,9,中继,S008-S014,447.4,125.21,122.00,False,接入104.01dB/回传122.46dB
T012,U08,C,爬升,2,0.05,3834.52,9,中继,S008-S014,447.4,125.00,122.00,False,接入103.27dB/回传122.46dB
T012,U08,C,巡航,2,0.10,3857.34,10,中继,S008-S014,447.4,124.79,122.00,False,接入102.43dB/回传122.46dB
T012,U08,C,巡航,2,0.15,3880.16,10,中继,S008-S014,447.4,124.58,122.00,False,接入101.48dB/回传122.46dB
T012,U08,C,巡航,2,0.20,3902.98,10,中继,S008-S014,447.4,124.36,122.00,False,接入100.46dB/回传122.46dB
T012,U08,C,巡航,2,0.25,3925.81,10,中继,S008-S014,447.4,124.14,122.00,False,接入99.27dB/回传122.46dB
T012,U08,C,巡航,2,0.30,3948.63,10,中继,S008-S014,447.4,123.91,122.00,False,接入97.91dB/回传122.46dB
T012,U08,C,巡航,2,0.35,3971.45,10,中继,S008-S014,447.4,123.67,122.00,False,接入96.59dB/回传122.46dB
T012,U08,C,巡航,2,0.40,3994.27,10,中继,S008-S014,447.4,123.42,122.00,False,接入94.91dB/回传122.46dB
T012,U08,C,巡航,2,0.45,4017.09,10,中继,S008-S014,447.4,123.17,122.00,False,接入92.70dB/回传122.46dB
T012,U08,C,巡航,2,0.50,4039.91,10,中继,S008-S014,447.4,122.91,122.00,False,接入89.56dB/回传122.46dB
T012,U08,C,巡航,2,0.55,4062.73,10,中继,S008-S014,447.4,122.64,122.00,False,接入87.89dB/回传122.46dB
T012,U08,C,巡航,2,0.60,4085.55,10,中继,S008-S014,447.4,122.37,122.00,False,接入85.95dB/回传122.46dB
T012,U08,C,巡航,2,0.65,4108.37,10,中继,S008-S014,447.4,122.09,122.00,False,接入87.91dB/回传122.46dB
T012,U08,C,巡航,2,0.70,4131.19,10,直连,S008-S014,447.4,121.79,122.00,False,
T012,U08,C,巡航,2,0.75,4154.02,10,直连,S008-S014,447.4,121.49,122.00,False,
T012,U08,C,巡航,2,0.80,4176.84,10,直连,S008-S014,447.4,121.17,122.00,False,
T012,U08,C,下降,2,0.85,4199.66,11,直连,S008-S014,447.4,120.84,122.00,False,
T012,U08,C,下降,2,0.90,4222.48,11,直连,S008-S014,447.4,120.50,122.00,False,
T012,U08,C,物资交接,2,0.95,4245.30,12,直连,S008-S014,447.4,120.15,122.00,False,
T012,U08,C,物资交接,2,1.00,4268.12,12,直连,S008-S014,447.4,119.78,122.00,False,
T012,U08,C,爬升,3,0.00,4268.12,13,直连,S008-S014,447.4,119.78,122.00,False,
T012,U08,C,爬升,3,0.05,4294.41,13,直连,S008-S014,447.4,119.33,122.00,False,
T012,U08,C,爬升,3,0.10,4320.70,13,直连,S008-S014,447.4,118.87,122.00,False,
T012,U08,C,巡航,3,0.15,4346.99,14,直连,S008-S014,447.4,118.37,122.00,False,
T012,U08,C,巡航,3,0.20,4373.28,14,直连,S008-S014,447.4,117.85,122.00,False,
T012,U08,C,巡航,3,0.25,4399.57,14,直连,S008-S014,447.4,117.29,122.00,False,
T012,U08,C,巡航,3,0.30,4425.85,14,直连,S008-S014,447.4,116.69,122.00,False,
T012,U08,C,巡航,3,0.35,4452.14,14,直连,S008-S014,447.4,116.05,122.00,False,
T012,U08,C,巡航,3,0.40,4478.43,14,直连,S008-S014,447.4,115.35,122.00,False,
T012,U08,C,巡航,3,0.45,4504.72,14,直连,S008-S014,447.4,114.60,122.00,False,
T012,U08,C,巡航,3,0.50,4531.01,14,直连,S008-S014,447.4,113.76,122.00,False,
T012,U08,C,巡航,3,0.55,4557.30,14,直连,S008-S014,447.4,112.86,122.00,False,
T012,U08,C,巡航,3,0.60,4583.59,14,直连,S008-S014,447.4,111.83,122.00,False,
T012,U08,C,巡航,3,0.65,4609.88,14,直连,S008-S014,447.4,110.68,122.00,False,
T012,U08,C,巡航,3,0.70,4636.17,14,直连,S008-S014,447.4,109.34,122.00,False,
T012,U08,C,巡航,3,0.75,4662.46,14,直连,S008-S014,447.4,97.82,122.00,True,
T012,U08,C,巡航,3,0.80,4688.74,14,直连,S008-S014,447.4,95.85,122.00,True,
T012,U08,C,巡航,3,0.85,4715.03,14,直连,S008-S014,447.4,93.37,122.00,True,
T012,U08,C,下降,3,0.90,4741.32,15,直连,S008-S014,447.4,89.86,122.00,True,
T012,U08,C,下降,3,0.95,4767.61,15,直连,S008-S014,447.4,84.14,122.00,True,
T012,U08,C,下降,3,1.00,4793.90,15,直连,S008-S014,447.4,69.79,122.00,True,
T013,U02,A,爬升,0,0.00,2086.90,1,直连,O01,278.4,69.79,122.00,True,
T013,U02,A,爬升,0,0.05,2125.05,1,直连,O01,278.4,87.87,122.00,True,
T013,U02,A,巡航,0,0.10,2163.19,2,直连,O01,278.4,93.89,122.00,True,
T013,U02,A,巡航,0,0.15,2201.34,2,直连,O01,278.4,107.32,122.00,False,
T013,U02,A,巡航,0,0.20,2239.48,2,直连,O01,278.4,99.83,122.00,True,
T013,U02,A,巡航,0,0.25,2277.63,2,直连,O01,278.4,111.76,122.00,False,
T013,U02,A,巡航,0,0.30,2315.77,2,直连,O01,278.4,113.33,122.00,False,
T013,U02,A,巡航,0,0.35,2353.92,2,直连,O01,278.4,114.66,122.00,False,
T013,U02,A,巡航,0,0.40,2392.06,2,直连,O01,278.4,115.82,122.00,False,
T013,U02,A,巡航,0,0.45,2430.21,2,直连,O01,278.4,116.85,122.00,False,
T013,U02,A,巡航,0,0.50,2468.35,2,直连,O01,278.4,117.76,122.00,False,
T013,U02,A,巡航,0,0.55,2506.50,2,直连,O01,278.4,118.59,122.00,False,
T013,U02,A,巡航,0,0.60,2544.64,2,直连,O01,278.4,119.34,122.00,False,
T013,U02,A,巡航,0,0.65,2582.79,2,直连,O01,278.4,120.03,122.00,False,
T013,U02,A,巡航,0,0.70,2620.93,2,直连,O01,278.4,120.68,122.00,False,
T013,U02,A,巡航,0,0.75,2659.08,2,直连,O01,278.4,121.28,122.00,False,
T013,U02,A,巡航,0,0.80,2697.22,2,直连,O01,278.4,121.84,122.00,False,
T013,U02,A,下降,0,0.85,2735.37,3,中继,O01,278.4,122.37,122.00,False,接入112.36dB/回传82.38dB
T013,U02,A,下降,0,0.90,2773.51,3,中继,O01,278.4,122.86,122.00,False,接入112.85dB/回传82.38dB
T013,U02,A,物资交接,0,0.95,2811.66,4,中继,O01,278.4,123.33,122.00,False,接入113.32dB/回传82.38dB
T013,U02,A,物资交接,0,1.00,2849.80,4,中继,O01,278.4,123.78,122.00,False,接入113.77dB/回传82.38dB
T013,U02,A,爬升,1,0.00,2849.80,5,中继,O01,278.4,123.78,122.00,False,接入113.77dB/回传82.38dB
T013,U02,A,爬升,1,0.05,2887.95,5,中继,O01,278.4,123.33,122.00,False,接入113.32dB/回传82.38dB
T013,U02,A,爬升,1,0.10,2926.09,5,中继,O01,278.4,122.86,122.00,False,接入112.85dB/回传82.38dB
T013,U02,A,巡航,1,0.15,2964.24,6,中继,O01,278.4,122.37,122.00,False,接入112.36dB/回传82.38dB
T013,U02,A,巡航,1,0.20,3002.38,6,直连,O01,278.4,121.84,122.00,False,
T013,U02,A,巡航,1,0.25,3040.53,6,直连,O01,278.4,121.28,122.00,False,
T013,U02,A,巡航,1,0.30,3078.67,6,直连,O01,278.4,120.68,122.00,False,
T013,U02,A,巡航,1,0.35,3116.82,6,直连,O01,278.4,120.03,122.00,False,
T013,U02,A,巡航,1,0.40,3154.96,6,直连,O01,278.4,119.34,122.00,False,
T013,U02,A,巡航,1,0.45,3193.11,6,直连,O01,278.4,118.59,122.00,False,
T013,U02,A,巡航,1,0.50,3231.25,6,直连,O01,278.4,117.76,122.00,False,
T013,U02,A,巡航,1,0.55,3269.40,6,直连,O01,278.4,116.85,122.00,False,
T013,U02,A,巡航,1,0.60,3307.54,6,直连,O01,278.4,115.82,122.00,False,
T013,U02,A,巡航,1,0.65,3345.69,6,直连,O01,278.4,114.66,122.00,False,
T013,U02,A,巡航,1,0.70,3383.83,6,直连,O01,278.4,113.33,122.00,False,
T013,U02,A,巡航,1,0.75,3421.98,6,直连,O01,278.4,111.76,122.00,False,
T013,U02,A,巡航,1,0.80,3460.12,6,直连,O01,278.4,99.83,122.00,True,
T013,U02,A,巡航,1,0.85,3498.27,6,直连,O01,278.4,107.32,122.00,False,
T013,U02,A,下降,1,0.90,3536.41,7,直连,O01,278.4,93.89,122.00,True,
T013,U02,A,下降,1,0.95,3574.56,7,直连,O01,278.4,87.87,122.00,True,
T013,U02,A,下降,1,1.00,3612.70,7,直连,O01,278.4,69.79,122.00,True,
T014,U01,A,爬升,0,0.00,2887.27,1,直连,S004-S006,581.7,69.79,122.00,True,
T014,U01,A,爬升,0,0.05,2938.75,1,直连,S004-S006,581.7,92.26,122.00,True,
T014,U01,A,巡航,0,0.10,2990.22,2,直连,S004-S006,581.7,98.27,122.00,True,
T014,U01,A,巡航,0,0.15,3041.70,2,直连,S004-S006,581.7,101.79,122.00,True,
T014,U01,A,巡航,0,0.20,3093.17,2,直连,S004-S006,581.7,114.26,122.00,False,
T014,U01,A,巡航,0,0.25,3144.65,2,直连,S004-S006,581.7,106.20,122.00,True,
T014,U01,A,巡航,0,0.30,3196.12,2,直连,S004-S006,581.7,117.78,122.00,False,
T014,U01,A,巡航,0,0.35,3247.60,2,直连,S004-S006,581.7,119.12,122.00,False,
T014,U01,A,巡航,0,0.40,3299.08,2,直连,S004-S006,581.7,120.28,122.00,False,
T014,U01,A,巡航,0,0.45,3350.55,2,直连,S004-S006,581.7,111.31,122.00,True,
T014,U01,A,巡航,0,0.50,3402.03,2,中继,S004-S006,581.7,122.22,122.00,False,接入92.22dB/回传112.15dB
T014,U01,A,巡航,0,0.55,3453.50,2,中继,S004-S006,581.7,123.05,122.00,False,接入96.10dB/回传112.15dB
T014,U01,A,巡航,0,0.60,3504.98,2,中继,S004-S006,581.7,123.80,122.00,False,接入99.84dB/回传112.15dB
T014,U01,A,巡航,0,0.65,3556.45,2,中继,S004-S006,581.7,124.50,122.00,False,接入102.62dB/回传112.15dB
T014,U01,A,巡航,0,0.70,3607.93,2,中继,S004-S006,581.7,125.14,122.00,False,接入104.87dB/回传112.15dB
T014,U01,A,巡航,0,0.75,3659.41,2,中继,S004-S006,581.7,125.74,122.00,False,接入106.65dB/回传112.15dB
T014,U01,A,巡航,0,0.80,3710.88,2,中继,S004-S006,581.7,126.30,122.00,False,接入108.15dB/回传112.15dB
T014,U01,A,下降,0,0.85,3762.36,3,中继,S004-S006,581.7,126.82,122.00,False,接入109.42dB/回传112.15dB
T014,U01,A,下降,0,0.90,3813.83,3,中继,S004-S006,581.7,127.32,122.00,False,接入110.53dB/回传112.15dB
T014,U01,A,物资交接,0,0.95,3865.31,4,中继,S004-S006,581.7,127.79,122.00,False,接入111.51dB/回传112.15dB
T014,U01,A,物资交接,0,1.00,3916.79,4,中继,S004-S006,581.7,128.24,122.00,False,接入112.40dB/回传112.15dB
T014,U01,A,爬升,1,0.00,3916.79,5,中继,S004-S006,581.7,128.24,122.00,False,接入112.40dB/回传112.15dB
T014,U01,A,爬升,1,0.05,3968.26,5,中继,S004-S006,581.7,127.79,122.00,False,接入111.51dB/回传112.15dB
T014,U01,A,爬升,1,0.10,4019.74,5,中继,S004-S006,581.7,127.32,122.00,False,接入110.53dB/回传112.15dB
T014,U01,A,巡航,1,0.15,4071.21,6,中继,S004-S006,581.7,126.82,122.00,False,接入109.42dB/回传112.15dB
T014,U01,A,巡航,1,0.20,4122.69,6,中继,S004-S006,581.7,126.30,122.00,False,接入108.15dB/回传112.15dB
T014,U01,A,巡航,1,0.25,4174.16,6,中继,S004-S006,581.7,125.74,122.00,False,接入106.65dB/回传112.15dB
T014,U01,A,巡航,1,0.30,4225.64,6,中继,S004-S006,581.7,125.14,122.00,False,接入104.87dB/回传112.15dB
T014,U01,A,巡航,1,0.35,4277.12,6,中继,S004-S006,581.7,124.50,122.00,False,接入102.62dB/回传112.15dB
T014,U01,A,巡航,1,0.40,4328.59,6,中继,S004-S006,581.7,123.80,122.00,False,接入99.84dB/回传112.15dB
T014,U01,A,巡航,1,0.45,4380.07,6,中继,S004-S006,581.7,123.05,122.00,False,接入96.10dB/回传112.15dB
T014,U01,A,巡航,1,0.50,4431.54,6,中继,S004-S006,581.7,122.22,122.00,False,接入92.22dB/回传112.15dB
T014,U01,A,巡航,1,0.55,4483.02,6,直连,S004-S006,581.7,111.31,122.00,True,
T014,U01,A,巡航,1,0.60,4534.49,6,直连,S004-S006,581.7,120.28,122.00,False,
T014,U01,A,巡航,1,0.65,4585.97,6,直连,S004-S006,581.7,119.12,122.00,False,
T014,U01,A,巡航,1,0.70,4637.45,6,直连,S004-S006,581.7,117.78,122.00,False,
T014,U01,A,巡航,1,0.75,4688.92,6,直连,S004-S006,581.7,106.20,122.00,True,
T014,U01,A,巡航,1,0.80,4740.40,6,直连,S004-S006,581.7,114.26,122.00,False,
T014,U01,A,巡航,1,0.85,4791.87,6,直连,S004-S006,581.7,101.79,122.00,True,
T014,U01,A,下降,1,0.90,4843.35,7,直连,S004-S006,581.7,98.27,122.00,True,
T014,U01,A,下降,1,0.95,4894.82,7,直连,S004-S006,581.7,92.26,122.00,True,
T014,U01,A,下降,1,1.00,4946.30,7,直连,S004-S006,581.7,69.79,122.00,True,
T015,U07,C,爬升,0,0.00,2630.08,1,直连,S002-S011,532.3,69.79,122.00,True,
T015,U07,C,爬升,0,0.05,2690.72,1,直连,S002-S011,532.3,91.87,122.00,True,
T015,U07,C,巡航,0,0.10,2751.35,2,直连,S002-S011,532.3,97.87,122.00,True,
T015,U07,C,巡航,0,0.15,2811.99,2,直连,S002-S011,532.3,111.36,122.00,False,
T015,U07,C,巡航,0,0.20,2872.63,2,直连,S002-S011,532.3,113.86,122.00,False,
T015,U07,C,巡航,0,0.25,2933.26,2,直连,S002-S011,532.3,105.81,122.00,True,
T015,U07,C,巡航,0,0.30,2993.90,2,直连,S002-S011,532.3,117.38,122.00,False,
T015,U07,C,巡航,0,0.35,3054.53,2,直连,S002-S011,532.3,118.72,122.00,False,
T015,U07,C,巡航,0,0.40,3115.17,2,直连,S002-S011,532.3,119.88,122.00,False,
T015,U07,C,巡航,0,0.45,3175.81,2,直连,S002-S011,532.3,120.90,122.00,False,
T015,U07,C,巡航,0,0.50,3236.44,2,直连,S002-S011,532.3,121.82,122.00,False,
T015,U07,C,巡航,0,0.55,3297.08,2,中继,S002-S011,532.3,122.65,122.00,False,接入97.27dB/回传113.74dB
T015,U07,C,巡航,0,0.60,3357.72,2,中继,S002-S011,532.3,123.40,122.00,False,接入93.97dB/回传113.74dB
T015,U07,C,巡航,0,0.65,3418.35,2,中继,S002-S011,532.3,124.10,122.00,False,接入94.69dB/回传113.74dB
T015,U07,C,巡航,0,0.70,3478.99,2,中继,S002-S011,532.3,124.74,122.00,False,接入97.84dB/回传113.74dB
T015,U07,C,巡航,0,0.75,3539.63,2,中继,S002-S011,532.3,125.34,122.00,False,接入100.89dB/回传113.74dB
T015,U07,C,巡航,0,0.80,3600.26,2,中继,S002-S011,532.3,125.90,122.00,False,接入103.37dB/回传113.74dB
T015,U07,C,下降,0,0.85,3660.90,3,中继,S002-S011,532.3,126.43,122.00,False,接入105.38dB/回传113.74dB
T015,U07,C,下降,0,0.90,3721.53,3,中继,S002-S011,532.3,126.92,122.00,False,接入106.99dB/回传113.74dB
T015,U07,C,物资交接,0,0.95,3782.17,4,中继,S002-S011,532.3,127.39,122.00,False,接入108.35dB/回传113.74dB
T015,U07,C,物资交接,0,1.00,3842.81,4,中继,S002-S011,532.3,127.84,122.00,False,接入119.56dB/回传113.74dB
T015,U07,C,爬升,1,0.00,3842.81,5,中继,S002-S011,532.3,127.84,122.00,False,接入119.56dB/回传113.74dB
T015,U07,C,爬升,1,0.05,3863.29,5,中继,S002-S011,532.3,127.70,122.00,False,接入109.20dB/回传113.74dB
T015,U07,C,巡航,1,0.10,3883.77,6,中继,S002-S011,532.3,127.55,122.00,False,接入108.84dB/回传113.74dB
T015,U07,C,巡航,1,0.15,3904.26,6,中继,S002-S011,532.3,127.41,122.00,False,接入108.46dB/回传113.74dB
T015,U07,C,巡航,1,0.20,3924.74,6,中继,S002-S011,532.3,127.26,122.00,False,接入108.08dB/回传113.74dB
T015,U07,C,巡航,1,0.25,3945.22,6,中继,S002-S011,532.3,127.11,122.00,False,接入107.70dB/回传113.74dB
T015,U07,C,巡航,1,0.30,3965.71,6,中继,S002-S011,532.3,126.96,122.00,False,接入107.30dB/回传113.74dB
T015,U07,C,巡航,1,0.35,3986.19,6,中继,S002-S011,532.3,126.80,122.00,False,接入106.88dB/回传113.74dB
T015,U07,C,巡航,1,0.40,4006.67,6,中继,S002-S011,532.3,126.65,122.00,False,接入106.45dB/回传113.74dB
T015,U07,C,巡航,1,0.45,4027.16,6,中继,S002-S011,532.3,126.49,122.00,False,接入106.00dB/回传113.74dB
T015,U07,C,巡航,1,0.50,4047.64,6,中继,S002-S011,532.3,126.33,122.00,False,接入105.55dB/回传113.74dB
T015,U07,C,巡航,1,0.55,4068.12,6,中继,S002-S011,532.3,126.16,122.00,False,接入105.11dB/回传113.74dB
T015,U07,C,巡航,1,0.60,4088.61,6,中继,S002-S011,532.3,125.99,122.00,False,接入104.69dB/回传113.74dB
T015,U07,C,巡航,1,0.65,4109.09,6,中继,S002-S011,532.3,125.82,122.00,False,接入104.25dB/回传113.74dB
T015,U07,C,巡航,1,0.70,4129.57,6,中继,S002-S011,532.3,125.65,122.00,False,接入103.85dB/回传113.74dB
T015,U07,C,巡航,1,0.75,4150.05,6,中继,S002-S011,532.3,125.47,122.00,False,接入103.46dB/回传113.74dB
T015,U07,C,巡航,1,0.80,4170.54,6,中继,S002-S011,532.3,125.29,122.00,False,接入103.10dB/回传113.74dB
T015,U07,C,下降,1,0.85,4191.02,7,中继,S002-S011,532.3,125.11,122.00,False,接入102.79dB/回传113.74dB
T015,U07,C,下降,1,0.90,4211.50,7,中继,S002-S011,532.3,124.93,122.00,False,接入102.59dB/回传113.74dB
T015,U07,C,物资交接,1,0.95,4231.99,8,中继,S002-S011,532.3,124.74,122.00,False,接入102.47dB/回传113.74dB
T015,U07,C,物资交接,1,1.00,4252.47,8,中继,S002-S011,532.3,124.54,122.00,False,接入102.38dB/回传113.74dB
T015,U07,C,爬升,2,0.00,4252.47,9,中继,S002-S011,532.3,124.54,122.00,False,接入102.38dB/回传113.74dB
T015,U07,C,爬升,2,0.05,4293.98,9,中继,S002-S011,532.3,124.10,122.00,False,接入101.66dB/回传113.74dB
T015,U07,C,爬升,2,0.10,4335.48,9,中继,S002-S011,532.3,123.63,122.00,False,接入101.20dB/回传113.74dB
T015,U07,C,巡航,2,0.15,4376.99,10,中继,S002-S011,532.3,123.13,122.00,False,接入101.35dB/回传113.74dB
T015,U07,C,巡航,2,0.20,4418.50,10,中继,S002-S011,532.3,122.61,122.00,False,接入101.89dB/回传113.74dB
T015,U07,C,巡航,2,0.25,4460.00,10,中继,S002-S011,532.3,122.05,122.00,False,接入102.60dB/回传113.74dB
T015,U07,C,巡航,2,0.30,4501.51,10,直连,S002-S011,532.3,121.45,122.00,False,
T015,U07,C,巡航,2,0.35,4543.02,10,直连,S002-S011,532.3,110.81,122.00,True,
T015,U07,C,巡航,2,0.40,4584.52,10,直连,S002-S011,532.3,110.11,122.00,True,
T015,U07,C,巡航,2,0.45,4626.03,10,直连,S002-S011,532.3,109.36,122.00,True,
T015,U07,C,巡航,2,0.50,4667.54,10,直连,S002-S011,532.3,108.53,122.00,True,
T015,U07,C,巡航,2,0.55,4709.04,10,直连,S002-S011,532.3,107.62,122.00,True,
T015,U07,C,巡航,2,0.60,4750.55,10,直连,S002-S011,532.3,106.59,122.00,True,
T015,U07,C,巡航,2,0.65,4792.05,10,直连,S002-S011,532.3,115.43,122.00,False,
T015,U07,C,巡航,2,0.70,4833.56,10,直连,S002-S011,532.3,104.09,122.00,True,
T015,U07,C,巡航,2,0.75,4875.07,10,直连,S002-S011,532.3,112.51,122.00,False,
T015,U07,C,巡航,2,0.80,4916.57,10,直连,S002-S011,532.3,110.57,122.00,False,
T015,U07,C,巡航,2,0.85,4958.08,10,直连,S002-S011,532.3,98.10,122.00,True,
T015,U07,C,下降,2,0.90,4999.59,11,直连,S002-S011,532.3,94.59,122.00,True,
T015,U07,C,下降,2,0.95,5041.09,11,直连,S002-S011,532.3,88.65,122.00,True,
T015,U07,C,下降,2,1.00,5082.60,11,直连,S002-S011,532.3,69.79,122.00,True,
T016,U06,B,爬升,0,0.00,3262.55,1,直连,S004-S006,581.7,69.79,122.00,True,
T016,U06,B,爬升,0,0.05,3296.47,1,直连,S004-S006,581.7,88.65,122.00,True,
T016,U06,B,巡航,0,0.10,3330.40,2,直连,S004-S006,581.7,94.59,122.00,True,
T016,U06,B,巡航,0,0.15,3364.32,2,直连,S004-S006,581.7,98.10,122.00,True,
T016,U06,B,巡航,0,0.20,3398.24,2,直连,S004-S006,581.7,110.57,122.00,False,
T016,U06,B,巡航,0,0.25,3432.16,2,直连,S004-S006,581.7,112.51,122.00,False,
T016,U06,B,巡航,0,0.30,3466.09,2,直连,S004-S006,581.7,104.09,122.00,True,
T016,U06,B,巡航,0,0.35,3500.01,2,直连,S004-S006,581.7,115.43,122.00,False,
T016,U06,B,巡航,0,0.40,3533.93,2,直连,S004-S006,581.7,106.59,122.00,True,
T016,U06,B,巡航,0,0.45,3567.85,2,直连,S004-S006,581.7,107.62,122.00,True,
T016,U06,B,巡航,0,0.50,3601.78,2,直连,S004-S006,581.7,108.53,122.00,True,
T016,U06,B,巡航,0,0.55,3635.70,2,直连,S004-S006,581.7,109.36,122.00,True,
T016,U06,B,巡航,0,0.60,3669.62,2,直连,S004-S006,581.7,110.11,122.00,True,
T016,U06,B,巡航,0,0.65,3703.54,2,直连,S004-S006,581.7,110.81,122.00,True,
T016,U06,B,巡航,0,0.70,3737.47,2,直连,S004-S006,581.7,121.45,122.00,False,
T016,U06,B,巡航,0,0.75,3771.39,2,中继,S004-S006,581.7,122.05,122.00,False,接入100.64dB/回传112.15dB
T016,U06,B,巡航,0,0.80,3805.31,2,中继,S004-S006,581.7,122.61,122.00,False,接入101.24dB/回传112.15dB
T016,U06,B,下降,0,0.85,3839.24,3,中继,S004-S006,581.7,123.13,122.00,False,接入102.02dB/回传112.15dB
T016,U06,B,下降,0,0.90,3873.16,3,中继,S004-S006,581.7,123.63,122.00,False,接入102.98dB/回传112.15dB
T016,U06,B,物资交接,0,0.95,3907.08,4,中继,S004-S006,581.7,124.10,122.00,False,接入104.12dB/回传112.15dB
T016,U06,B,物资交接,0,1.00,3941.00,4,中继,S004-S006,581.7,124.54,122.00,False,接入105.17dB/回传112.15dB
T016,U06,B,爬升,1,0.00,3941.00,5,中继,S004-S006,581.7,124.54,122.00,False,接入105.17dB/回传112.15dB
T016,U06,B,爬升,1,0.05,3960.50,5,中继,S004-S006,581.7,124.76,122.00,False,接入105.50dB/回传112.15dB
T016,U06,B,巡航,1,0.10,3980.00,6,中继,S004-S006,581.7,124.97,122.00,False,接入105.84dB/回传112.15dB
T016,U06,B,巡航,1,0.15,3999.50,6,中继,S004-S006,581.7,125.19,122.00,False,接入106.19dB/回传112.15dB
T016,U06,B,巡航,1,0.20,4019.00,6,中继,S004-S006,581.7,125.39,122.00,False,接入106.60dB/回传112.15dB
T016,U06,B,巡航,1,0.25,4038.50,6,中继,S004-S006,581.7,125.59,122.00,False,接入106.99dB/回传112.15dB
T016,U06,B,巡航,1,0.30,4058.00,6,中继,S004-S006,581.7,125.79,122.00,False,接入107.41dB/回传112.15dB
T016,U06,B,巡航,1,0.35,4077.50,6,中继,S004-S006,581.7,125.99,122.00,False,接入107.80dB/回传112.15dB
T016,U06,B,巡航,1,0.40,4097.00,6,中继,S004-S006,581.7,126.18,122.00,False,接入108.22dB/回传112.15dB
T016,U06,B,巡航,1,0.45,4116.50,6,中继,S004-S006,581.7,126.37,122.00,False,接入108.62dB/回传112.15dB
T016,U06,B,巡航,1,0.50,4136.00,6,中继,S004-S006,581.7,126.55,122.00,False,接入109.02dB/回传112.15dB
T016,U06,B,巡航,1,0.55,4155.50,6,中继,S004-S006,581.7,126.73,122.00,False,接入109.39dB/回传112.15dB
T016,U06,B,巡航,1,0.60,4175.00,6,中继,S004-S006,581.7,126.91,122.00,False,接入109.75dB/回传112.15dB
T016,U06,B,巡航,1,0.65,4194.50,6,中继,S004-S006,581.7,127.09,122.00,False,接入110.12dB/回传112.15dB
T016,U06,B,巡航,1,0.70,4214.00,6,中继,S004-S006,581.7,127.26,122.00,False,接入110.48dB/回传112.15dB
T016,U06,B,巡航,1,0.75,4233.50,6,中继,S004-S006,581.7,127.43,122.00,False,接入110.83dB/回传112.15dB
T016,U06,B,巡航,1,0.80,4253.00,6,中继,S004-S006,581.7,127.60,122.00,False,接入111.16dB/回传112.15dB
T016,U06,B,下降,1,0.85,4272.50,7,中继,S004-S006,581.7,127.76,122.00,False,接入111.47dB/回传112.15dB
T016,U06,B,下降,1,0.90,4292.00,7,中继,S004-S006,581.7,127.92,122.00,False,接入111.79dB/回传112.15dB
T016,U06,B,物资交接,1,0.95,4311.50,8,中继,S004-S006,581.7,128.08,122.00,False,接入112.10dB/回传112.15dB
T016,U06,B,物资交接,1,1.00,4331.00,8,中继,S004-S006,581.7,128.24,122.00,False,接入112.40dB/回传112.15dB
T016,U06,B,爬升,2,0.00,4331.00,9,中继,S004-S006,581.7,128.24,122.00,False,接入112.40dB/回传112.15dB
T016,U06,B,爬升,2,0.05,4382.89,9,中继,S004-S006,581.7,127.79,122.00,False,接入111.51dB/回传112.15dB
T016,U06,B,爬升,2,0.10,4434.77,9,中继,S004-S006,581.7,127.32,122.00,False,接入110.53dB/回传112.15dB
T016,U06,B,巡航,2,0.15,4486.66,10,中继,S004-S006,581.7,126.82,122.00,False,接入109.42dB/回传112.15dB
T016,U06,B,巡航,2,0.20,4538.54,10,中继,S004-S006,581.7,126.30,122.00,False,接入108.15dB/回传112.15dB
T016,U06,B,巡航,2,0.25,4590.43,10,中继,S004-S006,581.7,125.74,122.00,False,接入106.65dB/回传112.15dB
T016,U06,B,巡航,2,0.30,4642.31,10,中继,S004-S006,581.7,125.14,122.00,False,接入104.87dB/回传112.15dB
T016,U06,B,巡航,2,0.35,4694.20,10,中继,S004-S006,581.7,124.50,122.00,False,接入102.62dB/回传112.15dB
T016,U06,B,巡航,2,0.40,4746.08,10,中继,S004-S006,581.7,123.80,122.00,False,接入99.84dB/回传112.15dB
T016,U06,B,巡航,2,0.45,4797.97,10,中继,S004-S006,581.7,123.05,122.00,False,接入96.10dB/回传112.15dB
T016,U06,B,巡航,2,0.50,4849.85,10,中继,S004-S006,581.7,122.22,122.00,False,接入92.22dB/回传112.15dB
T016,U06,B,巡航,2,0.55,4901.74,10,直连,S004-S006,581.7,111.31,122.00,True,
T016,U06,B,巡航,2,0.60,4953.62,10,直连,S004-S006,581.7,120.28,122.00,False,
T016,U06,B,巡航,2,0.65,5005.51,10,直连,S004-S006,581.7,119.12,122.00,False,
T016,U06,B,巡航,2,0.70,5057.39,10,直连,S004-S006,581.7,117.78,122.00,False,
T016,U06,B,巡航,2,0.75,5109.28,10,直连,S004-S006,581.7,106.20,122.00,True,
T016,U06,B,巡航,2,0.80,5161.16,10,直连,S004-S006,581.7,114.26,122.00,False,
T016,U06,B,巡航,2,0.85,5213.05,10,直连,S004-S006,581.7,101.79,122.00,True,
T016,U06,B,下降,2,0.90,5264.93,11,直连,S004-S006,581.7,98.27,122.00,True,
T016,U06,B,下降,2,0.95,5316.82,11,直连,S004-S006,581.7,92.26,122.00,True,
T016,U06,B,下降,2,1.00,5368.70,11,直连,S004-S006,581.7,69.79,122.00,True,
T017,U08,C,爬升,0,0.00,4940.73,1,直连,S006-S015,627.8,69.79,122.00,True,
T017,U08,C,爬升,0,0.05,4965.06,1,直连,S006-S015,627.8,83.30,122.00,True,
T017,U08,C,巡航,0,0.10,4989.38,2,直连,S006-S015,627.8,89.13,122.00,True,
T017,U08,C,巡航,0,0.15,5013.71,2,直连,S006-S015,627.8,92.72,122.00,True,
T017,U08,C,巡航,0,0.20,5038.03,2,直连,S006-S015,627.8,105.09,122.00,False,
T017,U08,C,巡航,0,0.25,5062.36,2,直连,S006-S015,627.8,107.03,122.00,False,
T017,U08,C,巡航,0,0.30,5086.68,2,直连,S006-S015,627.8,108.61,122.00,False,
T017,U08,C,巡航,0,0.35,5111.01,2,直连,S006-S015,627.8,109.94,122.00,False,
T017,U08,C,巡航,0,0.40,5135.33,2,直连,S006-S015,627.8,111.10,122.00,False,
T017,U08,C,巡航,0,0.45,5159.66,2,直连,S006-S015,627.8,112.13,122.00,False,
T017,U08,C,巡航,0,0.50,5183.98,2,直连,S006-S015,627.8,113.05,122.00,False,
T017,U08,C,巡航,0,0.55,5208.31,2,直连,S006-S015,627.8,103.88,122.00,True,
T017,U08,C,巡航,0,0.60,5232.63,2,直连,S006-S015,627.8,114.63,122.00,False,
T017,U08,C,巡航,0,0.65,5256.96,2,直连,S006-S015,627.8,115.33,122.00,False,
T017,U08,C,巡航,0,0.70,5281.28,2,直连,S006-S015,627.8,115.97,122.00,False,
T017,U08,C,巡航,0,0.75,5305.61,2,直连,S006-S015,627.8,116.56,122.00,False,
T017,U08,C,巡航,0,0.80,5329.94,2,直连,S006-S015,627.8,117.13,122.00,False,
T017,U08,C,下降,0,0.85,5354.26,3,直连,S006-S015,627.8,117.65,122.00,False,
T017,U08,C,下降,0,0.90,5378.59,3,直连,S006-S015,627.8,118.14,122.00,False,
T017,U08,C,物资交接,0,0.95,5402.91,4,直连,S006-S015,627.8,118.61,122.00,False,
T017,U08,C,物资交接,0,1.00,5427.24,4,直连,S006-S015,627.8,119.05,122.00,False,
T017,U08,C,爬升,1,0.00,5427.24,5,直连,S006-S015,627.8,119.05,122.00,False,
T017,U08,C,爬升,1,0.05,5457.13,5,直连,S006-S015,627.8,119.50,122.00,False,
T017,U08,C,巡航,1,0.10,5487.02,6,直连,S006-S015,627.8,119.92,122.00,False,
T017,U08,C,巡航,1,0.15,5516.91,6,直连,S006-S015,627.8,120.34,122.00,False,
T017,U08,C,巡航,1,0.20,5546.80,6,直连,S006-S015,627.8,120.73,122.00,False,
T017,U08,C,巡航,1,0.25,5576.69,6,直连,S006-S015,627.8,121.12,122.00,False,
T017,U08,C,巡航,1,0.30,5606.59,6,直连,S006-S015,627.8,121.50,122.00,False,
T017,U08,C,巡航,1,0.35,5636.48,6,直连,S006-S015,627.8,121.86,122.00,False,
T017,U08,C,巡航,1,0.40,5666.37,6,中继,S006-S015,627.8,122.22,122.00,False,接入105.04dB/回传112.58dB
T017,U08,C,巡航,1,0.45,5696.26,6,中继,S006-S015,627.8,122.56,122.00,False,接入104.84dB/回传112.58dB
T017,U08,C,巡航,1,0.50,5726.15,6,中继,S006-S015,627.8,122.89,122.00,False,接入104.73dB/回传112.58dB
T017,U08,C,巡航,1,0.55,5756.04,6,中继,S006-S015,627.8,123.21,122.00,False,接入104.71dB/回传112.58dB
T017,U08,C,巡航,1,0.60,5785.93,6,中继,S006-S015,627.8,123.52,122.00,False,接入104.77dB/回传112.58dB
T017,U08,C,巡航,1,0.65,5815.83,6,中继,S006-S015,627.8,123.81,122.00,False,接入104.94dB/回传112.58dB
T017,U08,C,巡航,1,0.70,5845.72,6,中继,S006-S015,627.8,124.10,122.00,False,接入105.17dB/回传112.58dB
T017,U08,C,巡航,1,0.75,5875.61,6,中继,S006-S015,627.8,124.38,122.00,False,接入105.47dB/回传112.58dB
T017,U08,C,巡航,1,0.80,5905.50,6,中继,S006-S015,627.8,124.65,122.00,False,接入105.82dB/回传112.58dB
T017,U08,C,下降,1,0.85,5935.39,7,中继,S006-S015,627.8,124.91,122.00,False,接入106.22dB/回传112.58dB
T017,U08,C,下降,1,0.90,5965.28,7,中继,S006-S015,627.8,125.16,122.00,False,接入106.65dB/回传112.58dB
T017,U08,C,物资交接,1,0.95,5995.17,8,中继,S006-S015,627.8,125.41,122.00,False,接入107.06dB/回传112.58dB
T017,U08,C,物资交接,1,1.00,6025.07,8,中继,S006-S015,627.8,125.66,122.00,False,接入107.50dB/回传112.58dB
T017,U08,C,爬升,2,0.00,6025.07,9,中继,S006-S015,627.8,125.66,122.00,False,接入107.50dB/回传112.58dB
T017,U08,C,爬升,2,0.05,6047.64,9,中继,S006-S015,627.8,125.72,122.00,False,接入107.40dB/回传112.58dB
T017,U08,C,巡航,2,0.10,6070.21,10,中继,S006-S015,627.8,125.78,122.00,False,接入107.32dB/回传112.58dB
T017,U08,C,巡航,2,0.15,6092.79,10,中继,S006-S015,627.8,125.84,122.00,False,接入107.28dB/回传112.58dB
T017,U08,C,巡航,2,0.20,6115.36,10,中继,S006-S015,627.8,125.91,122.00,False,接入117.27dB/回传112.58dB
T017,U08,C,巡航,2,0.25,6137.94,10,中继,S006-S015,627.8,125.98,122.00,False,接入117.28dB/回传112.58dB
T017,U08,C,巡航,2,0.30,6160.51,10,中继,S006-S015,627.8,126.05,122.00,False,接入117.31dB/回传112.58dB
T017,U08,C,巡航,2,0.35,6183.09,10,中继,S006-S015,627.8,126.13,122.00,False,接入117.38dB/回传112.58dB
T017,U08,C,巡航,2,0.40,6205.66,10,中继,S006-S015,627.8,126.21,122.00,False,接入117.47dB/回传112.58dB
T017,U08,C,巡航,2,0.45,6228.23,10,中继,S006-S015,627.8,126.29,122.00,False,接入117.57dB/回传112.58dB
T017,U08,C,巡航,2,0.50,6250.81,10,中继,S006-S015,627.8,126.37,122.00,False,接入117.72dB/回传112.58dB
T017,U08,C,巡航,2,0.55,6273.38,10,中继,S006-S015,627.8,126.45,122.00,False,接入117.88dB/回传112.58dB
T017,U08,C,巡航,2,0.60,6295.96,10,中继,S006-S015,627.8,126.54,122.00,False,接入118.04dB/回传112.58dB
T017,U08,C,巡航,2,0.65,6318.53,10,中继,S006-S015,627.8,126.63,122.00,False,接入118.23dB/回传112.58dB
T017,U08,C,巡航,2,0.70,6341.11,10,中继,S006-S015,627.8,126.72,122.00,False,接入108.43dB/回传112.58dB
T017,U08,C,巡航,2,0.75,6363.68,10,中继,S006-S015,627.8,126.81,122.00,False,接入108.64dB/回传112.58dB
T017,U08,C,巡航,2,0.80,6386.25,10,中继,S006-S015,627.8,126.90,122.00,False,接入108.86dB/回传112.58dB
T017,U08,C,下降,2,0.85,6408.83,11,中继,S006-S015,627.8,127.00,122.00,False,接入109.10dB/回传112.58dB
T017,U08,C,下降,2,0.90,6431.40,11,中继,S006-S015,627.8,127.09,122.00,False,接入109.35dB/回传112.58dB
T017,U08,C,物资交接,2,0.95,6453.98,12,中继,S006-S015,627.8,127.18,122.00,False,接入109.59dB/回传112.58dB
T017,U08,C,物资交接,2,1.00,6476.55,12,中继,S006-S015,627.8,127.28,122.00,False,接入109.84dB/回传112.58dB
T017,U08,C,爬升,3,0.00,6476.55,13,中继,S006-S015,627.8,127.28,122.00,False,接入109.84dB/回传112.58dB
T017,U08,C,爬升,3,0.05,6539.25,13,中继,S006-S015,627.8,126.83,122.00,False,接入108.77dB/回传112.58dB
T017,U08,C,爬升,3,0.10,6601.95,13,中继,S006-S015,627.8,126.36,122.00,False,接入107.53dB/回传112.58dB
T017,U08,C,巡航,3,0.15,6664.64,14,中继,S006-S015,627.8,125.87,122.00,False,接入106.10dB/回传112.58dB
T017,U08,C,巡航,3,0.20,6727.34,14,中继,S006-S015,627.8,125.34,122.00,False,接入104.41dB/回传112.58dB
T017,U08,C,巡航,3,0.25,6790.04,14,中继,S006-S015,627.8,124.78,122.00,False,接入102.31dB/回传112.58dB
T017,U08,C,巡航,3,0.30,6852.74,14,中继,S006-S015,627.8,124.18,122.00,False,接入99.64dB/回传112.58dB
T017,U08,C,巡航,3,0.35,6915.43,14,中继,S006-S015,627.8,123.54,122.00,False,接入95.94dB/回传112.58dB
T017,U08,C,巡航,3,0.40,6978.13,14,中继,S006-S015,627.8,122.85,122.00,False,接入90.73dB/回传112.58dB
T017,U08,C,巡航,3,0.45,7040.83,14,中继,S006-S015,627.8,122.11,122.00,False,接入90.58dB/回传112.58dB
T017,U08,C,巡航,3,0.50,7103.53,14,直连,S006-S015,627.8,121.29,122.00,False,
T017,U08,C,巡航,3,0.55,7166.22,14,直连,S006-S015,627.8,110.40,122.00,True,
T017,U08,C,巡航,3,0.60,7228.92,14,直连,S006-S015,627.8,119.34,122.00,False,
T017,U08,C,巡航,3,0.65,7291.62,14,直连,S006-S015,627.8,118.19,122.00,False,
T017,U08,C,巡航,3,0.70,7354.32,14,直连,S006-S015,627.8,116.84,122.00,False,
T017,U08,C,巡航,3,0.75,7417.01,14,直连,S006-S015,627.8,115.26,122.00,False,
T017,U08,C,巡航,3,0.80,7479.71,14,直连,S006-S015,627.8,103.33,122.00,True,
T017,U08,C,巡航,3,0.85,7542.41,14,直连,S006-S015,627.8,110.82,122.00,False,
T017,U08,C,下降,3,0.90,7605.11,15,直连,S006-S015,627.8,97.37,122.00,True,
T017,U08,C,下降,3,0.95,7667.80,15,直连,S006-S015,627.8,91.36,122.00,True,
T017,U08,C,下降,3,1.00,7730.50,15,直连,S006-S015,627.8,69.79,122.00,True,
T018,U05,B,爬升,0,0.00,3567.43,1,直连,S005-S006,302.6,69.79,122.00,True,
T018,U05,B,爬升,0,0.05,3611.20,1,直连,S005-S006,302.6,89.78,122.00,True,
T018,U05,B,巡航,0,0.10,3654.96,2,直连,S005-S006,302.6,105.70,122.00,False,
T018,U05,B,巡航,0,0.15,3698.72,2,直连,S005-S006,302.6,99.24,122.00,True,
T018,U05,B,巡航,0,0.20,3742.48,2,直连,S005-S006,302.6,111.71,122.00,False,
T018,U05,B,巡航,0,0.25,3786.24,2,直连,S005-S006,302.6,113.63,122.00,False,
T018,U05,B,巡航,0,0.30,3830.00,2,直连,S005-S006,302.6,115.20,122.00,False,
T018,U05,B,巡航,0,0.35,3873.76,2,直连,S005-S006,302.6,116.54,122.00,False,
T018,U05,B,巡航,0,0.40,3917.52,2,直连,S005-S006,302.6,117.70,122.00,False,
T018,U05,B,巡航,0,0.45,3961.28,2,直连,S005-S006,302.6,118.74,122.00,False,
T018,U05,B,巡航,0,0.50,4005.04,2,直连,S005-S006,302.6,119.64,122.00,False,
T018,U05,B,巡航,0,0.55,4048.80,2,直连,S005-S006,302.6,120.47,122.00,False,
T018,U05,B,巡航,0,0.60,4092.56,2,直连,S005-S006,302.6,121.24,122.00,False,
T018,U05,B,巡航,0,0.65,4136.32,2,直连,S005-S006,302.6,121.93,122.00,False,
T018,U05,B,巡航,0,0.70,4180.08,2,中继,S005-S006,302.6,122.57,122.00,False,接入101.65dB/回传119.95dB
T018,U05,B,巡航,0,0.75,4223.84,2,中继,S005-S006,302.6,123.18,122.00,False,接入103.55dB/回传119.95dB
T018,U05,B,巡航,0,0.80,4267.60,2,中继,S005-S006,302.6,123.73,122.00,False,接入115.07dB/回传119.95dB
T018,U05,B,下降,0,0.85,4311.36,3,中继,S005-S006,302.6,124.26,122.00,False,接入116.38dB/回传119.95dB
T018,U05,B,下降,0,0.90,4355.12,3,中继,S005-S006,302.6,124.74,122.00,False,接入117.52dB/回传119.95dB
T018,U05,B,下降,0,0.95,4398.88,3,中继,S005-S006,302.6,125.21,122.00,False,接入118.54dB/回传119.95dB
T018,U05,B,物资交接,0,1.00,4442.64,4,中继,S005-S006,302.6,125.66,122.00,False,接入119.47dB/回传119.95dB
T018,U05,B,爬升,1,0.00,4442.64,5,中继,S005-S006,302.6,125.66,122.00,False,接入119.47dB/回传119.95dB
T018,U05,B,爬升,1,0.05,4469.91,5,中继,S005-S006,302.6,125.53,122.00,False,接入119.15dB/回传119.95dB
T018,U05,B,巡航,1,0.10,4497.17,6,中继,S005-S006,302.6,125.40,122.00,False,接入118.83dB/回传119.95dB
T018,U05,B,巡航,1,0.15,4524.43,6,中继,S005-S006,302.6,125.28,122.00,False,接入118.54dB/回传119.95dB
T018,U05,B,巡航,1,0.20,4551.69,6,中继,S005-S006,302.6,125.17,122.00,False,接入118.28dB/回传119.95dB
T018,U05,B,巡航,1,0.25,4578.95,6,中继,S005-S006,302.6,125.07,122.00,False,接入118.06dB/回传119.95dB
T018,U05,B,巡航,1,0.30,4606.21,6,中继,S005-S006,302.6,124.97,122.00,False,接入107.86dB/回传119.95dB
T018,U05,B,巡航,1,0.35,4633.47,6,中继,S005-S006,302.6,124.88,122.00,False,接入107.70dB/回传119.95dB
T018,U05,B,巡航,1,0.40,4660.73,6,中继,S005-S006,302.6,124.78,122.00,False,接入117.56dB/回传119.95dB
T018,U05,B,巡航,1,0.45,4687.99,6,中继,S005-S006,302.6,124.71,122.00,False,接入107.50dB/回传119.95dB
T018,U05,B,巡航,1,0.50,4715.25,6,中继,S005-S006,302.6,124.64,122.00,False,接入107.49dB/回传119.95dB
T018,U05,B,巡航,1,0.55,4742.51,6,中继,S005-S006,302.6,124.58,122.00,False,接入117.54dB/回传119.95dB
T018,U05,B,巡航,1,0.60,4769.77,6,中继,S005-S006,302.6,124.53,122.00,False,接入117.64dB/回传119.95dB
T018,U05,B,巡航,1,0.65,4797.03,6,直连,S005-S006,302.6,114.50,122.00,True,
T018,U05,B,巡航,1,0.70,4824.30,6,中继,S005-S006,302.6,124.47,122.00,False,接入118.00dB/回传119.95dB
T018,U05,B,巡航,1,0.75,4851.56,6,中继,S005-S006,302.6,124.45,122.00,False,接入118.23dB/回传119.95dB
T018,U05,B,巡航,1,0.80,4878.82,6,中继,S005-S006,302.6,124.45,122.00,False,接入118.50dB/回传119.95dB
T018,U05,B,下降,1,0.85,4906.08,7,中继,S005-S006,302.6,124.46,122.00,False,接入118.80dB/回传119.95dB
T018,U05,B,下降,1,0.90,4933.34,7,中继,S005-S006,302.6,124.47,122.00,False,接入119.11dB/回传119.95dB
T018,U05,B,物资交接,1,0.95,4960.60,8,中继,S005-S006,302.6,124.50,122.00,False,接入119.44dB/回传119.95dB
T018,U05,B,物资交接,1,1.00,4987.86,8,中继,S005-S006,302.6,124.54,122.00,False,接入119.78dB/回传119.95dB
T018,U05,B,爬升,2,0.00,4987.86,9,中继,S005-S006,302.6,124.54,122.00,False,接入119.78dB/回传119.95dB
T018,U05,B,爬升,2,0.05,5026.41,9,中继,S005-S006,302.6,124.10,122.00,False,接入119.12dB/回传119.95dB
T018,U05,B,爬升,2,0.10,5064.95,9,中继,S005-S006,302.6,123.63,122.00,False,接入118.43dB/回传119.95dB
T018,U05,B,巡航,2,0.15,5103.50,10,中继,S005-S006,302.6,123.13,122.00,False,接入117.72dB/回传119.95dB
T018,U05,B,巡航,2,0.20,5142.05,10,中继,S005-S006,302.6,122.61,122.00,False,接入117.00dB/回传119.95dB
T018,U05,B,巡航,2,0.25,5180.59,10,中继,S005-S006,302.6,122.05,122.00,False,接入106.28dB/回传119.95dB
T018,U05,B,巡航,2,0.30,5219.14,10,直连,S005-S006,302.6,121.45,122.00,False,
T018,U05,B,巡航,2,0.35,5257.69,10,直连,S005-S006,302.6,110.81,122.00,True,
T018,U05,B,巡航,2,0.40,5296.24,10,直连,S005-S006,302.6,110.11,122.00,True,
T018,U05,B,巡航,2,0.45,5334.78,10,直连,S005-S006,302.6,109.36,122.00,True,
T018,U05,B,巡航,2,0.50,5373.33,10,直连,S005-S006,302.6,108.53,122.00,True,
T018,U05,B,巡航,2,0.55,5411.88,10,直连,S005-S006,302.6,107.62,122.00,True,
T018,U05,B,巡航,2,0.60,5450.42,10,直连,S005-S006,302.6,106.59,122.00,True,
T018,U05,B,巡航,2,0.65,5488.97,10,直连,S005-S006,302.6,115.43,122.00,False,
T018,U05,B,巡航,2,0.70,5527.52,10,直连,S005-S006,302.6,104.09,122.00,True,
T018,U05,B,巡航,2,0.75,5566.06,10,直连,S005-S006,302.6,112.51,122.00,False,
T018,U05,B,巡航,2,0.80,5604.61,10,直连,S005-S006,302.6,110.57,122.00,False,
T018,U05,B,巡航,2,0.85,5643.16,10,直连,S005-S006,302.6,98.10,122.00,True,
T018,U05,B,下降,2,0.90,5681.71,11,直连,S005-S006,302.6,94.59,122.00,True,
T018,U05,B,下降,2,0.95,5720.25,11,直连,S005-S006,302.6,88.65,122.00,True,
T018,U05,B,下降,2,1.00,5758.80,11,直连,S005-S006,302.6,69.79,122.00,True,
T019,U06,B,爬升,0,0.00,5463.56,1,直连,S004-S006,581.7,69.79,122.00,True,
T019,U06,B,爬升,0,0.05,5508.61,1,直连,S004-S006,581.7,92.26,122.00,True,
T019,U06,B,巡航,0,0.10,5553.67,2,直连,S004-S006,581.7,98.27,122.00,True,
T019,U06,B,巡航,0,0.15,5598.72,2,直连,S004-S006,581.7,101.79,122.00,True,
T019,U06,B,巡航,0,0.20,5643.78,2,直连,S004-S006,581.7,114.26,122.00,False,
T019,U06,B,巡航,0,0.25,5688.84,2,直连,S004-S006,581.7,106.20,122.00,True,
T019,U06,B,巡航,0,0.30,5733.89,2,直连,S004-S006,581.7,117.78,122.00,False,
T019,U06,B,巡航,0,0.35,5778.95,2,直连,S004-S006,581.7,119.12,122.00,False,
T019,U06,B,巡航,0,0.40,5824.00,2,直连,S004-S006,581.7,120.28,122.00,False,
T019,U06,B,巡航,0,0.45,5869.06,2,直连,S004-S006,581.7,111.31,122.00,True,
T019,U06,B,巡航,0,0.50,5914.12,2,中继,S004-S006,581.7,122.22,122.00,False,接入92.22dB/回传112.15dB
T019,U06,B,巡航,0,0.55,5959.17,2,中继,S004-S006,581.7,123.05,122.00,False,接入96.10dB/回传112.15dB
T019,U06,B,巡航,0,0.60,6004.23,2,中继,S004-S006,581.7,123.80,122.00,False,接入99.84dB/回传112.15dB
T019,U06,B,巡航,0,0.65,6049.28,2,中继,S004-S006,581.7,124.50,122.00,False,接入102.62dB/回传112.15dB
T019,U06,B,巡航,0,0.70,6094.34,2,中继,S004-S006,581.7,125.14,122.00,False,接入104.87dB/回传112.15dB
T019,U06,B,巡航,0,0.75,6139.40,2,中继,S004-S006,581.7,125.74,122.00,False,接入106.65dB/回传112.15dB
T019,U06,B,巡航,0,0.80,6184.45,2,中继,S004-S006,581.7,126.30,122.00,False,接入108.15dB/回传112.15dB
T019,U06,B,下降,0,0.85,6229.51,3,中继,S004-S006,581.7,126.82,122.00,False,接入109.42dB/回传112.15dB
T019,U06,B,下降,0,0.90,6274.57,3,中继,S004-S006,581.7,127.32,122.00,False,接入110.53dB/回传112.15dB
T019,U06,B,物资交接,0,0.95,6319.62,4,中继,S004-S006,581.7,127.79,122.00,False,接入111.51dB/回传112.15dB
T019,U06,B,物资交接,0,1.00,6364.68,4,中继,S004-S006,581.7,128.24,122.00,False,接入112.40dB/回传112.15dB
T019,U06,B,爬升,1,0.00,6364.68,5,中继,S004-S006,581.7,128.24,122.00,False,接入112.40dB/回传112.15dB
T019,U06,B,爬升,1,0.05,6409.73,5,中继,S004-S006,581.7,127.79,122.00,False,接入111.51dB/回传112.15dB
T019,U06,B,爬升,1,0.10,6454.79,5,中继,S004-S006,581.7,127.32,122.00,False,接入110.53dB/回传112.15dB
T019,U06,B,巡航,1,0.15,6499.85,6,中继,S004-S006,581.7,126.82,122.00,False,接入109.42dB/回传112.15dB
T019,U06,B,巡航,1,0.20,6544.90,6,中继,S004-S006,581.7,126.30,122.00,False,接入108.15dB/回传112.15dB
T019,U06,B,巡航,1,0.25,6589.96,6,中继,S004-S006,581.7,125.74,122.00,False,接入106.65dB/回传112.15dB
T019,U06,B,巡航,1,0.30,6635.01,6,中继,S004-S006,581.7,125.14,122.00,False,接入104.87dB/回传112.15dB
T019,U06,B,巡航,1,0.35,6680.07,6,中继,S004-S006,581.7,124.50,122.00,False,接入102.62dB/回传112.15dB
T019,U06,B,巡航,1,0.40,6725.13,6,中继,S004-S006,581.7,123.80,122.00,False,接入99.84dB/回传112.15dB
T019,U06,B,巡航,1,0.45,6770.18,6,中继,S004-S006,581.7,123.05,122.00,False,接入96.10dB/回传112.15dB
T019,U06,B,巡航,1,0.50,6815.24,6,中继,S004-S006,581.7,122.22,122.00,False,接入92.22dB/回传112.15dB
T019,U06,B,巡航,1,0.55,6860.29,6,直连,S004-S006,581.7,111.31,122.00,True,
T019,U06,B,巡航,1,0.60,6905.35,6,直连,S004-S006,581.7,120.28,122.00,False,
T019,U06,B,巡航,1,0.65,6950.41,6,直连,S004-S006,581.7,119.12,122.00,False,
T019,U06,B,巡航,1,0.70,6995.46,6,直连,S004-S006,581.7,117.78,122.00,False,
T019,U06,B,巡航,1,0.75,7040.52,6,直连,S004-S006,581.7,106.20,122.00,True,
T019,U06,B,巡航,1,0.80,7085.58,6,直连,S004-S006,581.7,114.26,122.00,False,
T019,U06,B,巡航,1,0.85,7130.63,6,直连,S004-S006,581.7,101.79,122.00,True,
T019,U06,B,下降,1,0.90,7175.69,7,直连,S004-S006,581.7,98.27,122.00,True,
T019,U06,B,下降,1,0.95,7220.74,7,直连,S004-S006,581.7,92.26,122.00,True,
T019,U06,B,下降,1,1.00,7265.80,7,直连,S004-S006,581.7,69.79,122.00,True,
T020,U03,A,爬升,0,0.00,3491.65,1,直连,S002-S011,532.3,69.79,122.00,True,
T020,U03,A,爬升,0,0.05,3543.59,1,直连,S002-S011,532.3,91.87,122.00,True,
T020,U03,A,巡航,0,0.10,3595.53,2,直连,S002-S011,532.3,97.87,122.00,True,
T020,U03,A,巡航,0,0.15,3647.47,2,直连,S002-S011,532.3,111.36,122.00,False,
T020,U03,A,巡航,0,0.20,3699.41,2,直连,S002-S011,532.3,113.86,122.00,False,
T020,U03,A,巡航,0,0.25,3751.36,2,直连,S002-S011,532.3,105.81,122.00,True,
T020,U03,A,巡航,0,0.30,3803.30,2,直连,S002-S011,532.3,117.38,122.00,False,
T020,U03,A,巡航,0,0.35,3855.24,2,直连,S002-S011,532.3,118.72,122.00,False,
T020,U03,A,巡航,0,0.40,3907.18,2,直连,S002-S011,532.3,119.88,122.00,False,
T020,U03,A,巡航,0,0.45,3959.12,2,直连,S002-S011,532.3,120.90,122.00,False,
T020,U03,A,巡航,0,0.50,4011.06,2,直连,S002-S011,532.3,121.82,122.00,False,
T020,U03,A,巡航,0,0.55,4063.00,2,中继,S002-S011,532.3,122.65,122.00,False,接入97.27dB/回传113.74dB
T020,U03,A,巡航,0,0.60,4114.95,2,中继,S002-S011,532.3,123.40,122.00,False,接入93.97dB/回传113.74dB
T020,U03,A,巡航,0,0.65,4166.89,2,中继,S002-S011,532.3,124.10,122.00,False,接入94.69dB/回传113.74dB
T020,U03,A,巡航,0,0.70,4218.83,2,中继,S002-S011,532.3,124.74,122.00,False,接入97.84dB/回传113.74dB
T020,U03,A,巡航,0,0.75,4270.77,2,中继,S002-S011,532.3,125.34,122.00,False,接入100.89dB/回传113.74dB
T020,U03,A,巡航,0,0.80,4322.71,2,中继,S002-S011,532.3,125.90,122.00,False,接入103.37dB/回传113.74dB
T020,U03,A,下降,0,0.85,4374.65,3,中继,S002-S011,532.3,126.43,122.00,False,接入105.38dB/回传113.74dB
T020,U03,A,下降,0,0.90,4426.59,3,中继,S002-S011,532.3,126.92,122.00,False,接入106.99dB/回传113.74dB
T020,U03,A,物资交接,0,0.95,4478.53,4,中继,S002-S011,532.3,127.39,122.00,False,接入108.35dB/回传113.74dB
T020,U03,A,物资交接,0,1.00,4530.48,4,中继,S002-S011,532.3,127.84,122.00,False,接入119.56dB/回传113.74dB
T020,U03,A,爬升,1,0.00,4530.48,5,中继,S002-S011,532.3,127.84,122.00,False,接入119.56dB/回传113.74dB
T020,U03,A,爬升,1,0.05,4582.42,5,中继,S002-S011,532.3,127.39,122.00,False,接入108.35dB/回传113.74dB
T020,U03,A,爬升,1,0.10,4634.36,5,中继,S002-S011,532.3,126.92,122.00,False,接入106.99dB/回传113.74dB
T020,U03,A,巡航,1,0.15,4686.30,6,中继,S002-S011,532.3,126.43,122.00,False,接入105.38dB/回传113.74dB
T020,U03,A,巡航,1,0.20,4738.24,6,中继,S002-S011,532.3,125.90,122.00,False,接入103.37dB/回传113.74dB
T020,U03,A,巡航,1,0.25,4790.18,6,中继,S002-S011,532.3,125.34,122.00,False,接入100.89dB/回传113.74dB
T020,U03,A,巡航,1,0.30,4842.12,6,中继,S002-S011,532.3,124.74,122.00,False,接入97.84dB/回传113.74dB
T020,U03,A,巡航,1,0.35,4894.06,6,中继,S002-S011,532.3,124.10,122.00,False,接入94.69dB/回传113.74dB
T020,U03,A,巡航,1,0.40,4946.01,6,中继,S002-S011,532.3,123.40,122.00,False,接入93.97dB/回传113.74dB
T020,U03,A,巡航,1,0.45,4997.95,6,中继,S002-S011,532.3,122.65,122.00,False,接入97.27dB/回传113.74dB
T020,U03,A,巡航,1,0.50,5049.89,6,直连,S002-S011,532.3,121.82,122.00,False,
T020,U03,A,巡航,1,0.55,5101.83,6,直连,S002-S011,532.3,120.90,122.00,False,
T020,U03,A,巡航,1,0.60,5153.77,6,直连,S002-S011,532.3,119.88,122.00,False,
T020,U03,A,巡航,1,0.65,5205.71,6,直连,S002-S011,532.3,118.72,122.00,False,
T020,U03,A,巡航,1,0.70,5257.65,6,直连,S002-S011,532.3,117.38,122.00,False,
T020,U03,A,巡航,1,0.75,5309.59,6,直连,S002-S011,532.3,105.81,122.00,True,
T020,U03,A,巡航,1,0.80,5361.53,6,直连,S002-S011,532.3,113.86,122.00,False,
T020,U03,A,巡航,1,0.85,5413.48,6,直连,S002-S011,532.3,111.36,122.00,False,
T020,U03,A,下降,1,0.90,5465.42,7,直连,S002-S011,532.3,97.87,122.00,True,
T020,U03,A,下降,1,0.95,5517.36,7,直连,S002-S011,532.3,91.87,122.00,True,
T020,U03,A,下降,1,1.00,5569.30,7,直连,S002-S011,532.3,69.79,122.00,True,
T021,U07,C,爬升,0,0.00,5200.36,1,直连,S006-S011,526.0,69.79,122.00,True,
T021,U07,C,爬升,0,0.05,5256.30,1,直连,S006-S011,526.0,91.36,122.00,True,
T021,U07,C,巡航,0,0.10,5312.23,2,直连,S006-S011,526.0,97.37,122.00,True,
T021,U07,C,巡航,0,0.15,5368.17,2,直连,S006-S011,526.0,110.82,122.00,False,
T021,U07,C,巡航,0,0.20,5424.10,2,直连,S006-S011,526.0,103.33,122.00,True,
T021,U07,C,巡航,0,0.25,5480.04,2,直连,S006-S011,526.0,115.26,122.00,False,
T021,U07,C,巡航,0,0.30,5535.98,2,直连,S006-S011,526.0,116.84,122.00,False,
T021,U07,C,巡航,0,0.35,5591.91,2,直连,S006-S011,526.0,118.19,122.00,False,
T021,U07,C,巡航,0,0.40,5647.85,2,直连,S006-S011,526.0,119.34,122.00,False,
T021,U07,C,巡航,0,0.45,5703.78,2,直连,S006-S011,526.0,110.40,122.00,True,
T021,U07,C,巡航,0,0.50,5759.72,2,直连,S006-S011,526.0,121.29,122.00,False,
T021,U07,C,巡航,0,0.55,5815.66,2,中继,S006-S011,526.0,122.11,122.00,False,接入103.72dB/回传108.01dB
T021,U07,C,巡航,0,0.60,5871.59,2,中继,S006-S011,526.0,122.85,122.00,False,接入115.58dB/回传108.01dB
T021,U07,C,巡航,0,0.65,5927.53,2,中继,S006-S011,526.0,123.54,122.00,False,接入117.12dB/回传108.01dB
T021,U07,C,巡航,0,0.70,5983.46,2,中继,S006-S011,526.0,124.18,122.00,False,接入118.41dB/回传108.01dB
T021,U07,C,巡航,0,0.75,6039.40,2,中继,S006-S011,526.0,124.78,122.00,False,接入109.54dB/回传108.01dB
T021,U07,C,巡航,0,0.80,6095.34,2,中继,S006-S011,526.0,125.34,122.00,False,接入110.54dB/回传108.01dB
T021,U07,C,下降,0,0.85,6151.27,3,中继,S006-S011,526.0,125.87,122.00,False,接入111.43dB/回传108.01dB
T021,U07,C,下降,0,0.90,6207.21,3,中继,S006-S011,526.0,126.36,122.00,False,接入112.24dB/回传108.01dB
T021,U07,C,下降,0,0.95,6263.14,3,中继,S006-S011,526.0,126.83,122.00,False,接入112.99dB/回传108.01dB
T021,U07,C,物资交接,0,1.00,6319.08,4,中继,S006-S011,526.0,127.28,122.00,False,接入113.67dB/回传108.01dB
T021,U07,C,爬升,1,0.00,6319.08,5,中继,S006-S011,526.0,127.28,122.00,False,接入113.67dB/回传108.01dB
T021,U07,C,爬升,1,0.05,6375.02,5,中继,S006-S011,526.0,126.83,122.00,False,接入112.99dB/回传108.01dB
T021,U07,C,爬升,1,0.10,6430.95,5,中继,S006-S011,526.0,126.36,122.00,False,接入112.24dB/回传108.01dB
T021,U07,C,巡航,1,0.15,6486.89,6,中继,S006-S011,526.0,125.87,122.00,False,接入111.43dB/回传108.01dB
T021,U07,C,巡航,1,0.20,6542.82,6,中继,S006-S011,526.0,125.34,122.00,False,接入110.54dB/回传108.01dB
T021,U07,C,巡航,1,0.25,6598.76,6,中继,S006-S011,526.0,124.78,122.00,False,接入109.54dB/回传108.01dB
T021,U07,C,巡航,1,0.30,6654.70,6,中继,S006-S011,526.0,124.18,122.00,False,接入118.41dB/回传108.01dB
T021,U07,C,巡航,1,0.35,6710.63,6,中继,S006-S011,526.0,123.54,122.00,False,接入117.12dB/回传108.01dB
T021,U07,C,巡航,1,0.40,6766.57,6,中继,S006-S011,526.0,122.85,122.00,False,接入115.58dB/回传108.01dB
T021,U07,C,巡航,1,0.45,6822.50,6,中继,S006-S011,526.0,122.11,122.00,False,接入103.72dB/回传108.01dB
T021,U07,C,巡航,1,0.50,6878.44,6,直连,S006-S011,526.0,121.29,122.00,False,
T021,U07,C,巡航,1,0.55,6934.38,6,直连,S006-S011,526.0,110.40,122.00,True,
T021,U07,C,巡航,1,0.60,6990.31,6,直连,S006-S011,526.0,119.34,122.00,False,
T021,U07,C,巡航,1,0.65,7046.25,6,直连,S006-S011,526.0,118.19,122.00,False,
T021,U07,C,巡航,1,0.70,7102.18,6,直连,S006-S011,526.0,116.84,122.00,False,
T021,U07,C,巡航,1,0.75,7158.12,6,直连,S006-S011,526.0,115.26,122.00,False,
T021,U07,C,巡航,1,0.80,7214.06,6,直连,S006-S011,526.0,103.33,122.00,True,
T021,U07,C,巡航,1,0.85,7269.99,6,直连,S006-S011,526.0,110.82,122.00,False,
T021,U07,C,下降,1,0.90,7325.93,7,直连,S006-S011,526.0,97.37,122.00,True,
T021,U07,C,下降,1,0.95,7381.86,7,直连,S006-S011,526.0,91.36,122.00,True,
T021,U07,C,下降,1,1.00,7437.80,7,直连,S006-S011,526.0,69.79,122.00,True,
T022,U02,A,爬升,0,0.00,3710.65,1,直连,S006-S013,320.7,69.79,122.00,True,
T022,U02,A,爬升,0,0.05,3735.88,1,直连,S006-S013,320.7,84.14,122.00,True,
T022,U02,A,巡航,0,0.10,3761.11,2,直连,S006-S013,320.7,89.86,122.00,True,
T022,U02,A,巡航,0,0.15,3786.33,2,直连,S006-S013,320.7,93.37,122.00,True,
T022,U02,A,巡航,0,0.20,3811.56,2,直连,S006-S013,320.7,95.85,122.00,True,
T022,U02,A,巡航,0,0.25,3836.78,2,直连,S006-S013,320.7,97.82,122.00,True,
T022,U02,A,巡航,0,0.30,3862.01,2,直连,S006-S013,320.7,109.34,122.00,False,
T022,U02,A,巡航,0,0.35,3887.24,2,直连,S006-S013,320.7,110.68,122.00,False,
T022,U02,A,巡航,0,0.40,3912.46,2,直连,S006-S013,320.7,111.83,122.00,False,
T022,U02,A,巡航,0,0.45,3937.69,2,直连,S006-S013,320.7,112.86,122.00,False,
T022,U02,A,巡航,0,0.50,3962.91,2,直连,S006-S013,320.7,113.76,122.00,False,
T022,U02,A,巡航,0,0.55,3988.14,2,直连,S006-S013,320.7,114.60,122.00,False,
T022,U02,A,巡航,0,0.60,4013.36,2,直连,S006-S013,320.7,115.35,122.00,False,
T022,U02,A,巡航,0,0.65,4038.59,2,直连,S006-S013,320.7,116.05,122.00,False,
T022,U02,A,巡航,0,0.70,4063.82,2,直连,S006-S013,320.7,116.69,122.00,False,
T022,U02,A,巡航,0,0.75,4089.04,2,直连,S006-S013,320.7,117.29,122.00,False,
T022,U02,A,巡航,0,0.80,4114.27,2,直连,S006-S013,320.7,117.85,122.00,False,
T022,U02,A,巡航,0,0.85,4139.49,2,直连,S006-S013,320.7,118.37,122.00,False,
T022,U02,A,下降,0,0.90,4164.72,3,直连,S006-S013,320.7,118.87,122.00,False,
T022,U02,A,物资交接,0,0.95,4189.95,4,直连,S006-S013,320.7,119.33,122.00,False,
T022,U02,A,物资交接,0,1.00,4215.17,4,直连,S006-S013,320.7,119.78,122.00,False,
T022,U02,A,爬升,1,0.00,4215.17,5,直连,S006-S013,320.7,119.78,122.00,False,
T022,U02,A,爬升,1,0.05,4239.34,5,直连,S006-S013,320.7,120.02,122.00,False,
T022,U02,A,巡航,1,0.10,4263.51,6,直连,S006-S013,320.7,120.26,122.00,False,
T022,U02,A,巡航,1,0.15,4287.69,6,直连,S006-S013,320.7,120.51,122.00,False,
T022,U02,A,巡航,1,0.20,4311.86,6,直连,S006-S013,320.7,120.76,122.00,False,
T022,U02,A,巡航,1,0.25,4336.03,6,直连,S006-S013,320.7,121.01,122.00,False,
T022,U02,A,巡航,1,0.30,4360.20,6,直连,S006-S013,320.7,121.26,122.00,False,
T022,U02,A,巡航,1,0.35,4384.37,6,直连,S006-S013,320.7,121.51,122.00,False,
T022,U02,A,巡航,1,0.40,4408.54,6,直连,S006-S013,320.7,121.76,122.00,False,
T022,U02,A,巡航,1,0.45,4432.72,6,中继,S006-S013,320.7,122.01,122.00,False,接入108.71dB/回传102.44dB
T022,U02,A,巡航,1,0.50,4456.89,6,中继,S006-S013,320.7,122.26,122.00,False,接入109.10dB/回传102.44dB
T022,U02,A,巡航,1,0.55,4481.06,6,中继,S006-S013,320.7,122.50,122.00,False,接入109.47dB/回传102.44dB
T022,U02,A,巡航,1,0.60,4505.23,6,中继,S006-S013,320.7,122.74,122.00,False,接入109.84dB/回传102.44dB
T022,U02,A,巡航,1,0.65,4529.40,6,中继,S006-S013,320.7,122.98,122.00,False,接入110.20dB/回传102.44dB
T022,U02,A,巡航,1,0.70,4553.58,6,中继,S006-S013,320.7,123.21,122.00,False,接入110.54dB/回传102.44dB
T022,U02,A,巡航,1,0.75,4577.75,6,中继,S006-S013,320.7,123.44,122.00,False,接入110.88dB/回传102.44dB
T022,U02,A,巡航,1,0.80,4601.92,6,中继,S006-S013,320.7,123.67,122.00,False,接入111.21dB/回传102.44dB
T022,U02,A,下降,1,0.85,4626.09,7,中继,S006-S013,320.7,123.89,122.00,False,接入111.53dB/回传102.44dB
T022,U02,A,下降,1,0.90,4650.26,7,中继,S006-S013,320.7,124.11,122.00,False,接入111.83dB/回传102.44dB
T022,U02,A,物资交接,1,0.95,4674.43,8,中继,S006-S013,320.7,124.33,122.00,False,接入112.13dB/回传102.44dB
T022,U02,A,物资交接,1,1.00,4698.61,8,中继,S006-S013,320.7,124.54,122.00,False,接入112.42dB/回传102.44dB
T022,U02,A,爬升,2,0.00,4698.61,9,中继,S006-S013,320.7,124.54,122.00,False,接入112.42dB/回传102.44dB
T022,U02,A,爬升,2,0.05,4742.27,9,中继,S006-S013,320.7,124.10,122.00,False,接入111.85dB/回传102.44dB
T022,U02,A,爬升,2,0.10,4785.92,9,中继,S006-S013,320.7,123.63,122.00,False,接入111.25dB/回传102.44dB
T022,U02,A,巡航,2,0.15,4829.58,10,中继,S006-S013,320.7,123.13,122.00,False,接入110.60dB/回传102.44dB
T022,U02,A,巡航,2,0.20,4873.24,10,中继,S006-S013,320.7,122.61,122.00,False,接入119.90dB/回传102.44dB
T022,U02,A,巡航,2,0.25,4916.90,10,中继,S006-S013,320.7,122.05,122.00,False,接入109.13dB/回传102.44dB
T022,U02,A,巡航,2,0.30,4960.56,10,直连,S006-S013,320.7,121.45,122.00,False,
T022,U02,A,巡航,2,0.35,5004.22,10,直连,S006-S013,320.7,110.81,122.00,True,
T022,U02,A,巡航,2,0.40,5047.88,10,直连,S006-S013,320.7,110.11,122.00,True,
T022,U02,A,巡航,2,0.45,5091.54,10,直连,S006-S013,320.7,109.36,122.00,True,
T022,U02,A,巡航,2,0.50,5135.20,10,直连,S006-S013,320.7,108.53,122.00,True,
T022,U02,A,巡航,2,0.55,5178.86,10,直连,S006-S013,320.7,107.62,122.00,True,
T022,U02,A,巡航,2,0.60,5222.52,10,直连,S006-S013,320.7,106.59,122.00,True,
T022,U02,A,巡航,2,0.65,5266.18,10,直连,S006-S013,320.7,115.43,122.00,False,
T022,U02,A,巡航,2,0.70,5309.84,10,直连,S006-S013,320.7,104.09,122.00,True,
T022,U02,A,巡航,2,0.75,5353.50,10,直连,S006-S013,320.7,112.51,122.00,False,
T022,U02,A,巡航,2,0.80,5397.16,10,直连,S006-S013,320.7,110.57,122.00,False,
T022,U02,A,巡航,2,0.85,5440.82,10,直连,S006-S013,320.7,98.10,122.00,True,
T022,U02,A,下降,2,0.90,5484.48,11,直连,S006-S013,320.7,94.59,122.00,True,
T022,U02,A,下降,2,0.95,5528.14,11,直连,S006-S013,320.7,88.65,122.00,True,
T022,U02,A,下降,2,1.00,5571.80,11,直连,S006-S013,320.7,69.79,122.00,True,
T023,U04,A,爬升,0,0.00,4183.40,1,直连,S006-S010,308.7,69.79,122.00,True,
T023,U04,A,爬升,0,0.05,4220.36,1,直连,S006-S010,308.7,87.87,122.00,True,
T023,U04,A,巡航,0,0.10,4257.31,2,直连,S006-S010,308.7,93.89,122.00,True,
T023,U04,A,巡航,0,0.15,4294.26,2,直连,S006-S010,308.7,107.32,122.00,False,
T023,U04,A,巡航,0,0.20,4331.21,2,直连,S006-S010,308.7,99.83,122.00,True,
T023,U04,A,巡航,0,0.25,4368.16,2,直连,S006-S010,308.7,111.76,122.00,False,
T023,U04,A,巡航,0,0.30,4405.11,2,直连,S006-S010,308.7,113.33,122.00,False,
T023,U04,A,巡航,0,0.35,4442.06,2,直连,S006-S010,308.7,114.66,122.00,False,
T023,U04,A,巡航,0,0.40,4479.01,2,直连,S006-S010,308.7,115.82,122.00,False,
T023,U04,A,巡航,0,0.45,4515.96,2,直连,S006-S010,308.7,116.85,122.00,False,
T023,U04,A,巡航,0,0.50,4552.91,2,直连,S006-S010,308.7,117.76,122.00,False,
T023,U04,A,巡航,0,0.55,4589.86,2,直连,S006-S010,308.7,118.59,122.00,False,
T023,U04,A,巡航,0,0.60,4626.81,2,直连,S006-S010,308.7,119.34,122.00,False,
T023,U04,A,巡航,0,0.65,4663.76,2,直连,S006-S010,308.7,120.03,122.00,False,
T023,U04,A,巡航,0,0.70,4700.71,2,直连,S006-S010,308.7,120.68,122.00,False,
T023,U04,A,巡航,0,0.75,4737.66,2,直连,S006-S010,308.7,121.28,122.00,False,
T023,U04,A,巡航,0,0.80,4774.61,2,直连,S006-S010,308.7,121.84,122.00,False,
T023,U04,A,下降,0,0.85,4811.56,3,中继,S006-S010,308.7,122.37,122.00,False,接入110.20dB/回传99.41dB
T023,U04,A,下降,0,0.90,4848.51,3,中继,S006-S010,308.7,122.86,122.00,False,接入110.83dB/回传99.41dB
T023,U04,A,物资交接,0,0.95,4885.46,4,中继,S006-S010,308.7,123.33,122.00,False,接入111.42dB/回传99.41dB
T023,U04,A,物资交接,0,1.00,4922.41,4,中继,S006-S010,308.7,123.78,122.00,False,接入111.97dB/回传99.41dB
T023,U04,A,爬升,1,0.00,4922.41,5,中继,S006-S010,308.7,123.78,122.00,False,接入111.97dB/回传99.41dB
T023,U04,A,爬升,1,0.05,4962.23,5,中继,S006-S010,308.7,123.37,122.00,False,接入111.47dB/回传99.41dB
T023,U04,A,巡航,1,0.10,5002.05,6,中继,S006-S010,308.7,122.96,122.00,False,接入110.94dB/回传99.41dB
T023,U04,A,巡航,1,0.15,5041.86,6,中继,S006-S010,308.7,122.54,122.00,False,接入110.40dB/回传99.41dB
T023,U04,A,巡航,1,0.20,5081.68,6,中继,S006-S010,308.7,122.11,122.00,False,接入109.85dB/回传99.41dB
T023,U04,A,巡航,1,0.25,5121.49,6,直连,S006-S010,308.7,121.67,122.00,False,
T023,U04,A,巡航,1,0.30,5161.31,6,直连,S006-S010,308.7,121.23,122.00,False,
T023,U04,A,巡航,1,0.35,5201.12,6,直连,S006-S010,308.7,120.80,122.00,False,
T023,U04,A,巡航,1,0.40,5240.94,6,直连,S006-S010,308.7,120.37,122.00,False,
T023,U04,A,巡航,1,0.45,5280.76,6,直连,S006-S010,308.7,119.95,122.00,False,
T023,U04,A,巡航,1,0.50,5320.57,6,直连,S006-S010,308.7,119.55,122.00,False,
T023,U04,A,巡航,1,0.55,5360.39,6,直连,S006-S010,308.7,119.19,122.00,False,
T023,U04,A,巡航,1,0.60,5400.20,6,直连,S006-S010,308.7,118.87,122.00,False,
T023,U04,A,巡航,1,0.65,5440.02,6,直连,S006-S010,308.7,118.62,122.00,False,
T023,U04,A,巡航,1,0.70,5479.83,6,直连,S006-S010,308.7,108.44,122.00,True,
T023,U04,A,巡航,1,0.75,5519.65,6,直连,S006-S010,308.7,118.33,122.00,False,
T023,U04,A,巡航,1,0.80,5559.46,6,直连,S006-S010,308.7,118.31,122.00,False,
T023,U04,A,下降,1,0.85,5599.28,7,直连,S006-S010,308.7,118.38,122.00,False,
T023,U04,A,下降,1,0.90,5639.10,7,直连,S006-S010,308.7,118.53,122.00,False,
T023,U04,A,物资交接,1,0.95,5678.91,8,直连,S006-S010,308.7,118.76,122.00,False,
T023,U04,A,物资交接,1,1.00,5718.73,8,直连,S006-S010,308.7,119.05,122.00,False,
T023,U04,A,爬升,2,0.00,5718.73,9,直连,S006-S010,308.7,119.05,122.00,False,
T023,U04,A,爬升,2,0.05,5740.20,9,直连,S006-S010,308.7,118.61,122.00,False,
T023,U04,A,爬升,2,0.10,5761.66,9,直连,S006-S010,308.7,118.14,122.00,False,
T023,U04,A,巡航,2,0.15,5783.13,10,直连,S006-S010,308.7,117.65,122.00,False,
T023,U04,A,巡航,2,0.20,5804.60,10,直连,S006-S010,308.7,117.13,122.00,False,
T023,U04,A,巡航,2,0.25,5826.07,10,直连,S006-S010,308.7,116.56,122.00,False,
T023,U04,A,巡航,2,0.30,5847.54,10,直连,S006-S010,308.7,115.97,122.00,False,
T023,U04,A,巡航,2,0.35,5869.01,10,直连,S006-S010,308.7,115.33,122.00,False,
T023,U04,A,巡航,2,0.40,5890.48,10,直连,S006-S010,308.7,114.63,122.00,False,
T023,U04,A,巡航,2,0.45,5911.95,10,直连,S006-S010,308.7,103.88,122.00,True,
T023,U04,A,巡航,2,0.50,5933.41,10,直连,S006-S010,308.7,113.05,122.00,False,
T023,U04,A,巡航,2,0.55,5954.88,10,直连,S006-S010,308.7,112.13,122.00,False,
T023,U04,A,巡航,2,0.60,5976.35,10,直连,S006-S010,308.7,111.10,122.00,False,
T023,U04,A,巡航,2,0.65,5997.82,10,直连,S006-S010,308.7,109.94,122.00,False,
T023,U04,A,巡航,2,0.70,6019.29,10,直连,S006-S010,308.7,108.61,122.00,False,
T023,U04,A,巡航,2,0.75,6040.76,10,直连,S006-S010,308.7,107.03,122.00,False,
T023,U04,A,巡航,2,0.80,6062.23,10,直连,S006-S010,308.7,105.09,122.00,False,
T023,U04,A,巡航,2,0.85,6083.69,10,直连,S006-S010,308.7,92.72,122.00,True,
T023,U04,A,下降,2,0.90,6105.16,11,直连,S006-S010,308.7,89.13,122.00,True,
T023,U04,A,下降,2,0.95,6126.63,11,直连,S006-S010,308.7,83.30,122.00,True,
T023,U04,A,下降,2,1.00,6148.10,11,直连,S006-S010,308.7,69.79,122.00,True,
T024,U05,B,爬升,0,0.00,5853.05,1,直连,S001-S006,237.5,69.79,122.00,True,
T024,U05,B,爬升,0,0.05,5880.89,1,直连,S001-S006,237.5,84.36,122.00,True,
T024,U05,B,巡航,0,0.10,5908.73,2,直连,S001-S006,237.5,90.34,122.00,True,
T024,U05,B,巡航,0,0.15,5936.56,2,直连,S001-S006,237.5,93.79,122.00,True,
T024,U05,B,巡航,0,0.20,5964.40,2,直连,S001-S006,237.5,96.25,122.00,True,
T024,U05,B,巡航,0,0.25,5992.24,2,直连,S001-S006,237.5,98.16,122.00,True,
T024,U05,B,巡航,0,0.30,6020.08,2,直连,S001-S006,237.5,109.68,122.00,False,
T024,U05,B,巡航,0,0.35,6047.92,2,直连,S001-S006,237.5,111.02,122.00,False,
T024,U05,B,巡航,0,0.40,6075.76,2,直连,S001-S006,237.5,112.16,122.00,False,
T024,U05,B,巡航,0,0.45,6103.59,2,直连,S001-S006,237.5,113.19,122.00,False,
T024,U05,B,巡航,0,0.50,6131.43,2,直连,S001-S006,237.5,114.09,122.00,False,
T024,U05,B,巡航,0,0.55,6159.27,2,直连,S001-S006,237.5,114.94,122.00,False,
T024,U05,B,巡航,0,0.60,6187.11,2,直连,S001-S006,237.5,115.69,122.00,False,
T024,U05,B,巡航,0,0.65,6214.95,2,直连,S001-S006,237.5,116.38,122.00,False,
T024,U05,B,巡航,0,0.70,6242.78,2,直连,S001-S006,237.5,117.03,122.00,False,
T024,U05,B,巡航,0,0.75,6270.62,2,直连,S001-S006,237.5,117.63,122.00,False,
T024,U05,B,巡航,0,0.80,6298.46,2,直连,S001-S006,237.5,118.20,122.00,False,
T024,U05,B,下降,0,0.85,6326.30,3,直连,S001-S006,237.5,118.71,122.00,False,
T024,U05,B,下降,0,0.90,6354.14,3,直连,S001-S006,237.5,119.21,122.00,False,
T024,U05,B,物资交接,0,0.95,6381.97,4,直连,S001-S006,237.5,119.68,122.00,False,
T024,U05,B,物资交接,0,1.00,6409.81,4,直连,S001-S006,237.5,120.12,122.00,False,
T024,U05,B,爬升,1,0.00,6409.81,5,直连,S001-S006,237.5,120.12,122.00,False,
T024,U05,B,爬升,1,0.05,6431.84,5,直连,S001-S006,237.5,120.21,122.00,False,
T024,U05,B,巡航,1,0.10,6453.86,6,直连,S001-S006,237.5,120.32,122.00,False,
T024,U05,B,巡航,1,0.15,6475.88,6,直连,S001-S006,237.5,120.43,122.00,False,
T024,U05,B,巡航,1,0.20,6497.90,6,直连,S001-S006,237.5,120.56,122.00,False,
T024,U05,B,巡航,1,0.25,6519.93,6,直连,S001-S006,237.5,120.70,122.00,False,
T024,U05,B,巡航,1,0.30,6541.95,6,直连,S001-S006,237.5,120.84,122.00,False,
T024,U05,B,巡航,1,0.35,6563.97,6,直连,S001-S006,237.5,120.98,122.00,False,
T024,U05,B,巡航,1,0.40,6585.99,6,直连,S001-S006,237.5,121.14,122.00,False,
T024,U05,B,巡航,1,0.45,6608.02,6,直连,S001-S006,237.5,121.30,122.00,False,
T024,U05,B,巡航,1,0.50,6630.04,6,直连,S001-S006,237.5,121.47,122.00,False,
T024,U05,B,巡航,1,0.55,6652.06,6,直连,S001-S006,237.5,121.64,122.00,False,
T024,U05,B,巡航,1,0.60,6674.08,6,直连,S001-S006,237.5,121.82,122.00,False,
T024,U05,B,巡航,1,0.65,6696.11,6,直连,S001-S006,237.5,111.99,122.00,True,
T024,U05,B,巡航,1,0.70,6718.13,6,中继,S001-S006,237.5,122.17,122.00,False,接入118.86dB/回传114.44dB
T024,U05,B,巡航,1,0.75,6740.15,6,中继,S001-S006,237.5,122.34,122.00,False,接入119.00dB/回传114.44dB
T024,U05,B,巡航,1,0.80,6762.17,6,中继,S001-S006,237.5,122.50,122.00,False,接入119.15dB/回传114.44dB
T024,U05,B,下降,1,0.85,6784.20,7,中继,S001-S006,237.5,122.67,122.00,False,接入119.31dB/回传114.44dB
T024,U05,B,下降,1,0.90,6806.22,7,中继,S001-S006,237.5,122.84,122.00,False,接入119.49dB/回传114.44dB
T024,U05,B,物资交接,1,0.95,6828.24,8,中继,S001-S006,237.5,123.02,122.00,False,接入119.68dB/回传114.44dB
T024,U05,B,物资交接,1,1.00,6850.26,8,中继,S001-S006,237.5,123.19,122.00,False,接入119.87dB/回传114.44dB
T024,U05,B,爬升,2,0.00,6850.26,9,中继,S001-S006,237.5,123.19,122.00,False,接入119.87dB/回传114.44dB
T024,U05,B,爬升,2,0.05,6889.94,9,中继,S001-S006,237.5,122.75,122.00,False,接入119.23dB/回传114.44dB
T024,U05,B,爬升,2,0.10,6929.62,9,中继,S001-S006,237.5,122.29,122.00,False,接入118.55dB/回传114.44dB
T024,U05,B,巡航,2,0.15,6969.29,10,直连,S001-S006,237.5,121.80,122.00,False,
T024,U05,B,巡航,2,0.20,7008.97,10,直连,S001-S006,237.5,121.28,122.00,False,
T024,U05,B,巡航,2,0.25,7048.65,10,直连,S001-S006,237.5,110.73,122.00,True,
T024,U05,B,巡航,2,0.30,7088.32,10,直连,S001-S006,237.5,110.13,122.00,True,
T024,U05,B,巡航,2,0.35,7128.00,10,直连,S001-S006,237.5,119.47,122.00,False,
T024,U05,B,巡航,2,0.40,7167.68,10,直连,S001-S006,237.5,118.77,122.00,False,
T024,U05,B,巡航,2,0.45,7207.35,10,直连,S001-S006,237.5,118.02,122.00,False,
T024,U05,B,巡航,2,0.50,7247.03,10,直连,S001-S006,237.5,117.19,122.00,False,
T024,U05,B,巡航,2,0.55,7286.71,10,直连,S001-S006,237.5,116.27,122.00,False,
T024,U05,B,巡航,2,0.60,7326.39,10,直连,S001-S006,237.5,115.25,122.00,False,
T024,U05,B,巡航,2,0.65,7366.06,10,直连,S001-S006,237.5,114.09,122.00,False,
T024,U05,B,巡航,2,0.70,7405.74,10,直连,S001-S006,237.5,102.79,122.00,True,
T024,U05,B,巡航,2,0.75,7445.42,10,直连,S001-S006,237.5,101.18,122.00,True,
T024,U05,B,巡航,2,0.80,7485.09,10,直连,S001-S006,237.5,99.24,122.00,True,
T024,U05,B,巡航,2,0.85,7524.77,10,直连,S001-S006,237.5,96.80,122.00,True,
T024,U05,B,下降,2,0.90,7564.45,11,直连,S001-S006,237.5,93.23,122.00,True,
T024,U05,B,下降,2,0.95,7604.12,11,直连,S001-S006,237.5,87.39,122.00,True,
T024,U05,B,下降,2,1.00,7643.80,11,直连,S001-S006,237.5,69.79,122.00,True,
